"id","user_id","longitude","latitude","location_time","created_at","updated_at"
"1","1","71.7171267","40.4409033","2024-08-29 15:32:26","2024-02-05 07:11:46","2024-08-29 20:32:27"
"2","4","71.7740533","40.3666483","2024-02-08 20:12:15","2024-02-06 12:35:22","2024-02-08 15:12:17"
"4","8","71.6014209","40.9990173","2024-02-10 09:41:33","2024-02-08 03:55:33","2024-02-10 04:41:31"
"6","18","-122.084","37.4219983","2024-02-23 13:49:33","2024-02-13 14:52:34","2024-02-23 13:49:38"
"7","24","71.7886832","40.3808748","2024-02-20 17:19:47","2024-02-20 17:19:23","2024-02-20 17:19:46"
"8","29","71.6015343","40.999137","2024-03-09 09:57:16","2024-02-22 17:33:06","2024-03-09 09:57:14"
"9","42","71.7804117","40.36283","2024-11-04 18:39:21","2024-03-11 14:18:48","2024-11-04 23:39:20"
"13","54","66.2517252","38.6206377","2024-04-19 12:39:54","2024-04-11 09:02:02","2024-04-19 12:39:55"
"14","55","66.2512025","38.6292096","2024-11-02 23:27:58","2024-04-11 09:03:34","2024-11-03 04:27:58"
"15","57","42.4875357","54.1629815","2024-04-22 06:36:57","2024-04-11 11:27:38","2024-04-22 08:37:00"
"16","59","72.0909472","40.5054758","2024-04-11 11:41:19","2024-04-11 11:38:24","2024-04-11 11:41:26"
"17","60","67.0082671","39.6849859","2024-04-11 11:42:11","2024-04-11 11:40:59","2024-04-11 11:42:11"
"18","62","69.3030484","41.2439039","2024-04-11 11:45:32","2024-04-11 11:41:28","2024-04-11 11:45:34"
"19","64","69.0938088","41.2945854","2024-05-05 07:21:44","2024-04-11 11:51:39","2024-05-05 07:21:45"
"20","66","69.3147225","41.332096","2024-06-24 17:38:11","2024-04-11 11:57:34","2024-06-24 22:38:11"
"21","67","71.3555887","40.4510752","2024-04-11 13:58:40","2024-04-11 11:57:47","2024-04-11 13:58:41"
"22","68","69.1874385","41.2844266","2024-04-11 11:59:08","2024-04-11 11:58:20","2024-04-11 11:59:10"
"23","69","71.6128241","40.980058","2024-04-11 13:53:34","2024-04-11 11:59:22","2024-04-11 13:53:36"
"24","70","60.694148","41.6312512","2024-04-13 09:51:42","2024-04-11 12:00:44","2024-04-13 09:51:43"
"25","71","71.9284633","40.5246897","2024-04-11 12:18:23","2024-04-11 12:00:52","2024-04-11 12:18:27"
"26","72","64.3872041","39.7395534","2024-04-11 12:10:51","2024-04-11 12:04:05","2024-04-11 12:10:53"
"27","73","64.2406188","39.7480631","2024-05-05 16:29:36","2024-04-11 12:08:07","2024-05-05 16:29:39"
"28","74","71.738638","40.6436296","2024-04-11 12:26:19","2024-04-11 12:17:39","2024-04-11 12:26:20"
"29","75","71.7822575","40.4266698","2024-05-28 16:00:00","2024-04-11 12:20:07","2024-05-28 16:00:01"
"30","78","71.9284012","40.5171784","2024-05-25 20:35:05","2024-04-11 12:41:20","2024-05-25 20:35:09"
"31","79","71.6498496","41.0106626","2024-08-06 00:04:53","2024-04-11 12:53:03","2024-08-06 05:04:54"
"32","80","60.8169331","41.4563413","2024-05-12 20:59:04","2024-04-11 13:01:28","2024-05-12 20:59:05"
"33","81","71.9280439","40.5171329","2024-04-11 13:09:45","2024-04-11 13:05:52","2024-04-11 13:08:10"
"34","82","69.3079999","41.3720958","2024-05-20 20:45:11","2024-04-11 14:19:21","2024-05-20 20:45:14"
"35","86","67.7842479","40.136603","2024-04-11 18:07:26","2024-04-11 18:05:52","2024-04-11 18:07:28"
"36","87","67.9396798","40.1016557","2024-09-02 13:47:55","2024-04-11 18:28:50","2024-09-02 18:47:57"
"37","88","72.3527446","41.0355979","2024-07-17 13:36:18","2024-04-11 18:29:26","2024-07-17 18:36:19"
"38","89","70.084062","40.9986366","2024-05-27 17:56:44","2024-04-11 18:34:08","2024-05-27 17:56:45"
"39","90","72.0024832","40.8601066","2024-04-17 22:49:34","2024-04-11 18:48:21","2024-04-17 22:49:35"
"40","92","64.7588667","40.16017","2024-04-14 18:07:04","2024-04-11 21:04:09","2024-04-14 18:07:05"
"41","93","60.9210539","41.3325254","2024-05-10 08:58:41","2024-04-11 21:10:06","2024-05-10 08:58:43"
"42","94","67.0120032","39.5562502","2024-04-14 21:27:36","2024-04-11 21:12:10","2024-04-14 21:27:43"
"43","95","72.2447797","40.6457766","2024-09-25 18:28:15","2024-04-11 22:35:26","2024-09-25 23:28:15"
"44","97","60.6283248","41.5293429","2024-04-16 10:39:31","2024-04-11 23:11:18","2024-04-16 10:39:32"
"45","98","72.2460572","40.8584657","2024-04-12 09:35:04","2024-04-12 09:26:38","2024-04-12 09:35:07"
"46","96","71.4204263","40.3589219","2024-10-25 20:59:05","2024-04-12 09:27:03","2024-10-26 01:59:05"
"47","100","69.195265","41.19446","2024-04-12 15:47:05","2024-04-12 15:40:10","2024-04-12 15:47:10"
"48","103","69.2185885","41.2422064","2024-05-11 08:45:11","2024-04-12 17:58:45","2024-05-11 08:45:13"
"49","104","72.096858","41.1157079","2024-04-19 10:43:01","2024-04-12 21:34:59","2024-04-19 10:43:03"
"50","105","68.6850586","40.8935715","2024-04-20 07:08:04","2024-04-13 16:09:19","2024-04-20 07:08:04"
"51","106","66.2511449","38.6293101","2024-04-13 16:31:26","2024-04-13 16:30:14","2024-04-13 16:31:28"
"52","107","71.8285087","40.3845419","2024-04-20 18:14:26","2024-04-13 16:35:13","2024-04-20 18:14:27"
"53","108","71.8531681","40.9015654","2024-08-09 08:24:26","2024-04-13 17:15:27","2024-08-09 13:24:26"
"54","109","71.7327864","41.1930869","2024-05-21 21:29:43","2024-04-13 18:10:19","2024-05-21 21:29:43"
"55","91","67.8576058","38.3188713","2024-04-16 17:10:12","2024-04-13 21:11:20","2024-04-16 17:10:14"
"56","110","65.9228588","39.9202682","2024-04-15 23:05:21","2024-04-13 22:15:23","2024-04-15 23:04:21"
"57","111","71.5276167","41.245065","2024-04-14 07:33:15","2024-04-14 01:26:47","2024-04-14 07:33:15"
"58","112","64.6742751","40.0146655","2024-11-16 17:24:38","2024-04-14 12:26:58","2024-11-16 22:24:39"
"59","113","64.5663845","40.0264304","2024-04-14 15:00:13","2024-04-14 12:42:18","2024-04-14 15:00:14"
"60","114","71.149084","40.9000335","2024-07-06 20:23:06","2024-04-14 14:16:22","2024-07-07 01:23:06"
"61","115","60.6168924","41.5332999","2024-05-21 09:20:34","2024-04-14 15:07:00","2024-05-21 09:20:37"
"62","116","63.7654317","39.5556483","2024-04-30 19:03:36","2024-04-14 20:20:46","2024-04-30 19:03:37"
"63","118","69.3450448","41.2452533","2024-04-14 22:40:16","2024-04-14 22:31:45","2024-04-14 22:40:16"
"64","119","68.7174017","40.64865","2024-04-21 11:34:55","2024-04-14 22:49:59","2024-04-21 11:34:58"
"65","120","72.3624689","40.7953706","2024-10-02 13:11:02","2024-04-15 05:15:24","2024-10-02 18:11:02"
"66","77","64.5638314","39.8257573","2024-08-21 22:14:03","2024-04-15 07:16:59","2024-08-22 03:14:04"
"67","121","38.7294104","55.1178968","2024-05-27 16:55:49","2024-04-15 08:09:30","2024-05-27 18:55:49"
"68","123","72.222921","40.6991435","2024-04-15 09:43:26","2024-04-15 09:34:48","2024-04-15 09:43:27"
"69","130","69.2252206","41.3930825","2024-11-09 11:06:57","2024-04-15 13:20:21","2024-11-09 16:06:59"
"70","132","69.2557116","41.2197998","2024-04-30 15:21:06","2024-04-15 14:28:28","2024-04-30 15:21:07"
"71","133","71.819955","40.387145","2024-05-11 10:42:27","2024-04-15 14:43:46","2024-05-11 10:42:28"
"72","134","68.7345211","40.6263259","2024-04-21 20:39:09","2024-04-15 15:52:59","2024-04-21 20:39:11"
"73","135","70.052317","41.0076373","2024-06-13 20:57:10","2024-04-15 16:27:07","2024-06-13 20:57:13"
"74","136","37.4570725","55.5975154","2024-04-23 22:08:43","2024-04-15 17:17:31","2024-04-24 00:08:43"
"75","137","71.4604976","40.9829572","2024-04-17 15:41:25","2024-04-15 20:32:07","2024-04-17 15:41:26"
"76","138","69.3418275","41.2444881","2024-04-25 13:45:36","2024-04-15 21:01:26","2024-04-25 13:45:39"
"77","141","64.54701","39.9981867","2024-04-15 23:22:40","2024-04-15 23:20:54","2024-04-15 23:22:40"
"78","145","69.3934674","41.3798908","2024-05-10 09:35:54","2024-04-16 10:30:21","2024-05-10 09:35:55"
"79","146","69.2514734","40.3314988","2024-04-16 19:33:07","2024-04-16 10:30:51","2024-04-16 19:33:09"
"80","147","64.2288417","40.0175867","2024-04-17 00:47:25","2024-04-16 10:35:50","2024-04-17 00:47:25"
"81","148","28.9367755","40.2272756","2024-05-03 11:36:39","2024-04-16 10:37:26","2024-05-03 13:36:39"
"82","149","71.1568926","40.4867535","2024-04-16 10:42:40","2024-04-16 10:40:52","2024-04-16 10:42:42"
"83","151","60.3337073","41.7180345","2024-04-25 20:38:02","2024-04-16 10:45:29","2024-04-25 20:38:04"
"84","152","71.1570383","40.4867267","2024-04-16 11:03:58","2024-04-16 10:48:44","2024-04-16 11:03:58"
"85","153","65.9294973","40.0629573","2024-06-03 07:36:32","2024-04-16 10:59:20","2024-06-03 07:36:33"
"86","154","70.9218528","40.6383507","2024-10-04 10:58:19","2024-04-16 11:10:11","2024-10-04 15:58:17"
"87","155","27.5856597","53.7829485","2024-05-05 13:30:53","2024-04-16 11:10:23","2024-05-05 15:30:52"
"88","156","64.5282463","40.0175707","2024-08-10 16:47:04","2024-04-16 11:18:22","2024-08-10 21:47:05"
"89","159","65.9705118","40.0445352","2024-07-08 13:41:08","2024-04-16 11:31:46","2024-07-08 18:41:09"
"90","160","41.9632834","57.4756436","2024-05-03 12:40:25","2024-04-16 11:33:57","2024-05-03 14:40:25"
"91","162","69.4358516","41.5066619","2024-04-18 23:57:18","2024-04-16 11:39:56","2024-04-18 23:57:53"
"92","164","72.7576073","40.573044","2024-05-31 09:52:28","2024-04-16 11:42:15","2024-05-31 09:52:29"
"93","166","69.1934662","41.2479972","2024-04-22 21:54:21","2024-04-16 11:45:54","2024-04-22 21:54:14"
"94","167","37.4632642","55.5974666","2024-05-08 16:35:27","2024-04-16 12:21:15","2024-05-08 18:35:28"
"95","168","67.87522","38.2475133","2024-04-16 12:32:17","2024-04-16 12:27:33","2024-04-16 12:32:18"
"96","169","71.4662713","40.3671756","2024-04-16 16:20:30","2024-04-16 12:38:13","2024-04-16 16:20:30"
"97","170","69.1888917","41.2260211","2024-10-01 04:58:53","2024-04-16 12:50:46","2024-10-01 09:58:54"
"98","171","37.8288444","55.5743755","2024-05-10 12:48:58","2024-04-16 12:58:58","2024-05-10 14:44:01"
"99","173","71.470166","40.3698496","2024-04-22 07:02:35","2024-04-16 13:24:03","2024-04-22 07:02:37"
"100","174","71.8254461","41.0261893","2024-05-20 09:05:58","2024-04-16 13:27:00","2024-05-20 09:04:43"
"101","176","66.3905792","39.4070345","2024-05-29 07:03:39","2024-04-16 13:51:23","2024-05-29 07:03:40"
"102","177","66.7118974","39.9015346","2024-10-19 08:35:19","2024-04-16 14:04:54","2024-10-19 13:35:20"
"103","178","37.7144829","55.8710181","2024-04-16 22:21:21","2024-04-16 14:55:37","2024-04-17 00:21:22"
"104","179","69.1870351","41.3095867","2024-04-30 15:27:01","2024-04-16 17:31:49","2024-04-30 15:27:02"
"105","181","70.5839846","41.034483","2024-05-25 08:51:26","2024-04-16 19:20:52","2024-05-25 08:51:26"
"106","184","68.892443","40.6287319","2024-04-18 02:43:12","2024-04-17 07:33:44","2024-04-18 02:43:10"
"107","185","68.6843761","40.1818645","2024-04-17 07:50:44","2024-04-17 07:37:59","2024-04-17 07:50:44"
"108","187","71.7979718","40.4930462","2024-07-18 12:24:05","2024-04-17 08:19:57","2024-07-18 17:24:06"
"109","188","67.0871983","37.705635","2024-04-17 08:40:56","2024-04-17 08:22:06","2024-04-17 08:40:57"
"110","190","37.6990769","55.5349088","2024-04-29 08:34:09","2024-04-17 09:16:48","2024-04-29 10:34:10"
"111","189","67.9188167","40.1105033","2024-05-03 11:28:09","2024-04-17 09:17:13","2024-05-03 11:28:10"
"112","191","69.2603979","41.2626206","2024-11-13 16:52:35","2024-04-17 09:20:35","2024-11-13 21:52:34"
"113","192","71.4353201","40.3707522","2024-10-25 06:44:22","2024-04-17 10:23:33","2024-10-25 11:44:22"
"114","193","69.1657568","41.3506278","2024-04-20 11:09:15","2024-04-17 11:00:56","2024-04-20 11:09:15"
"115","194","29.3532072","40.6515","2024-05-11 15:13:48","2024-04-17 11:02:04","2024-05-11 17:13:48"
"116","197","71.9238733","40.52117","2024-05-22 22:11:07","2024-04-17 13:34:05","2024-05-22 22:11:08"
"117","198","67.8987623","38.2643499","2024-10-29 15:28:08","2024-04-17 14:25:03","2024-10-29 20:28:12"
"118","199","72.2920761","40.6183765","2024-09-24 21:27:17","2024-04-17 14:29:56","2024-09-25 02:27:20"
"119","201","67.8585733","40.1349767","2024-05-23 11:10:32","2024-04-17 17:25:05","2024-05-23 11:10:33"
"120","150","69.2152797","41.2037828","2024-05-04 10:05:24","2024-04-17 17:36:41","2024-05-04 10:05:26"
"121","202","72.284758","40.7097507","2024-04-17 18:46:35","2024-04-17 18:10:00","2024-04-17 18:46:36"
"122","205","63.1456905","40.3698321","2024-04-18 17:42:51","2024-04-17 18:30:55","2024-04-18 17:42:54"
"123","206","69.1483617","41.2782873","2024-04-18 16:59:56","2024-04-17 18:47:50","2024-04-18 16:59:57"
"124","208","56.1512995","50.8552617","2024-04-17 19:28:13","2024-04-17 19:22:36","2024-04-17 19:28:14"
"125","209","67.0404217","39.6335867","2024-09-04 14:51:05","2024-04-17 19:24:05","2024-09-04 19:51:06"
"126","210","70.955052","40.5584145","2024-06-09 20:58:30","2024-04-17 19:25:40","2024-06-09 20:58:31"
"127","213","68.597603","40.5438873","2024-06-06 20:16:22","2024-04-17 21:19:30","2024-06-06 20:16:23"
"128","214","65.378078","40.1046024","2024-04-28 10:29:47","2024-04-17 22:02:06","2024-04-28 10:29:47"
"129","215","68.566938","40.8358575","2024-04-18 13:22:56","2024-04-17 22:15:43","2024-04-18 13:22:59"
"130","216","73.398354","45.6383658","2024-04-25 17:40:11","2024-04-17 23:44:00","2024-04-25 17:40:13"
"131","217","39.5414395","54.6900741","2024-05-29 15:29:16","2024-04-18 06:40:41","2024-05-29 17:29:17"
"132","218","69.1805984","41.241124","2024-05-02 15:27:24","2024-04-18 10:44:16","2024-05-02 15:27:24"
"133","220","66.9898917","39.573445","2024-06-06 19:17:18","2024-04-18 13:24:35","2024-06-06 19:17:29"
"134","224","64.44968","39.7450983","2024-04-19 14:21:39","2024-04-19 14:20:18","2024-04-19 14:21:40"
"135","225","60.7599259","41.4929796","2024-07-24 08:25:25","2024-04-19 14:25:29","2024-07-24 13:25:28"
"136","228","69.2454147","41.2701127","2024-04-20 18:40:30","2024-04-19 15:27:02","2024-04-20 18:40:31"
"137","222","39.1448111","45.1095502","2024-05-10 13:02:11","2024-04-19 15:30:16","2024-05-10 13:01:42"
"138","200","70.6925842","40.9388036","2024-04-20 06:01:33","2024-04-19 16:05:59","2024-04-20 06:02:29"
"139","230","67.8131411","38.3502792","2024-06-07 21:10:34","2024-04-19 16:40:57","2024-06-07 21:10:37"
"140","231","68.5685515","40.8353644","2024-10-17 14:04:06","2024-04-19 16:46:31","2024-10-17 19:04:07"
"141","235","69.3779111","41.2485444","2024-05-18 23:50:46","2024-04-19 19:26:38","2024-05-18 23:50:47"
"142","238","61.2435177","41.2582101","2024-05-08 11:56:12","2024-04-20 09:05:24","2024-05-08 11:56:15"
"143","241","69.1941995","41.270437","2024-05-02 05:07:06","2024-04-20 09:48:18","2024-05-02 05:07:06"
"144","242","71.6682622","41.02522","2024-05-18 19:49:24","2024-04-20 10:29:47","2024-05-18 19:49:28"
"145","243","69.4021238","41.5268697","2024-06-05 23:28:54","2024-04-20 10:31:35","2024-06-05 23:30:19"
"146","245","69.3506367","41.2157983","2024-04-20 10:43:35","2024-04-20 10:40:59","2024-04-20 10:43:36"
"147","248","72.0573219","41.10923","2024-06-06 11:27:27","2024-04-20 13:34:18","2024-06-06 11:27:29"
"148","249","69.330836","41.2316012","2024-04-20 13:44:01","2024-04-20 13:43:30","2024-04-20 13:44:03"
"149","250","69.19322000000001","41.26067833333333","2024-04-21 21:59:13","2024-04-20 13:45:11","2024-04-21 21:59:48"
"150","251","66.3281955","38.5391091","2024-04-20 13:48:08","2024-04-20 13:47:16","2024-04-20 13:48:10"
"151","252","64.3949338","39.9667269","2024-04-20 14:28:24","2024-04-20 14:15:06","2024-04-20 14:28:29"
"152","253","67.8758138","38.2474436","2024-05-17 10:48:18","2024-04-20 16:09:22","2024-05-17 10:48:20"
"153","254","69.1861371","41.1974992","2024-04-20 16:26:34","2024-04-20 16:24:19","2024-04-20 16:26:37"
"154","255","72.4511501","40.9895887","2024-06-15 16:20:54","2024-04-20 16:33:41","2024-06-15 16:20:55"
"155","257","72.333273","40.7536251","2024-04-20 17:10:19","2024-04-20 17:09:59","2024-04-20 17:10:19"
"156","258","82.8963977","54.9516516","2024-05-18 19:45:34","2024-04-20 17:36:39","2024-05-18 17:45:35"
"157","259","72.0457167","40.7288067","2024-04-20 18:46:40","2024-04-20 18:01:41","2024-04-20 18:46:41"
"158","261","69.1583415","41.2550106","2024-04-29 17:11:31","2024-04-20 22:48:25","2024-04-29 17:11:32"
"159","262","69.1529967","41.2579267","2024-04-24 18:23:47","2024-04-20 22:52:31","2024-04-24 18:23:49"
"160","264","67.2246177","37.4175904","2024-09-01 11:17:41","2024-04-20 23:01:42","2024-09-01 16:17:44"
"161","265","69.2029113","41.353633","2024-05-25 09:45:09","2024-04-20 23:58:12","2024-05-25 09:45:09"
"162","266","70.985466","40.5256431","2024-04-28 10:07:32","2024-04-21 09:45:32","2024-04-28 10:07:32"
"163","267","71.0247389","40.4643495","2024-04-29 20:27:36","2024-04-21 13:53:04","2024-04-29 20:27:37"
"164","270","69.1525328","41.2311184","2024-10-03 20:52:38","2024-04-21 16:09:21","2024-10-04 01:52:39"
"165","272","64.555993","40.0624645","2024-05-17 21:11:32","2024-04-21 16:12:14","2024-05-17 21:11:33"
"166","273","70.8347016","40.5358453","2024-04-23 17:32:51","2024-04-21 16:44:51","2024-04-23 17:32:52"
"167","274","71.4173371","40.4069099","2024-10-30 07:49:43","2024-04-21 20:26:54","2024-10-30 12:49:42"
"168","276","71.422556","40.3720904","2024-05-04 18:28:03","2024-04-22 06:28:02","2024-05-04 18:28:06"
"169","277","66.304224","39.143644","2024-04-22 07:52:59","2024-04-22 07:50:55","2024-04-22 07:53:01"
"170","279","69.2309342","41.2223692","2024-07-20 09:03:10","2024-04-22 09:13:17","2024-07-20 14:03:11"
"171","282","69.1848119","41.2493333","2024-05-29 18:24:51","2024-04-22 10:32:10","2024-05-29 18:24:51"
"172","283","69.1840708","41.2505291","2024-04-22 19:00:35","2024-04-22 10:36:37","2024-04-22 19:00:36"
"173","284","66.9245917","39.584035","2024-04-22 10:49:39","2024-04-22 10:43:35","2024-04-22 10:49:40"
"174","286","69.2644667","41.2109033","2024-04-23 10:15:06","2024-04-22 11:52:31","2024-04-23 10:15:08"
"175","287","71.7230878","41.0278165","2024-04-30 11:26:46","2024-04-22 13:10:40","2024-04-30 11:26:47"
"176","290","69.7466815","42.4511639","2024-08-24 12:26:37","2024-04-22 13:28:53","2024-08-24 17:26:39"
"177","293","68.1804158","40.0909038","2024-04-23 07:52:30","2024-04-22 17:55:45","2024-04-23 07:51:02"
"178","294","67.3010145","37.2062164","2024-06-09 11:12:50","2024-04-22 18:36:17","2024-06-09 11:12:51"
"179","295","67.0421703","39.7070288","2024-04-23 03:42:22","2024-04-23 03:41:51","2024-04-23 03:42:23"
"180","288","67.8323614","40.1548785","2024-05-21 11:36:15","2024-04-23 05:40:59","2024-05-21 11:36:15"
"181","296","65.3619673","40.0762676","2024-05-04 10:20:24","2024-04-23 06:50:08","2024-05-04 10:20:24"
"182","298","37.4702833","55.5965496","2024-06-02 09:15:36","2024-04-23 11:37:57","2024-06-02 11:15:19"
"183","299","71.6720289","40.641477","2024-04-23 13:08:00","2024-04-23 13:07:07","2024-04-23 13:08:01"
"184","302","72.7641125","40.5684804","2024-09-04 12:40:58","2024-04-23 23:04:40","2024-09-04 16:41:00"
"185","304","72.7291398","40.6131259","2024-04-24 10:29:34","2024-04-23 23:13:12","2024-04-24 10:29:35"
"186","306","69.25244","41.26014","2024-04-24 11:46:38","2024-04-24 08:57:09","2024-04-24 11:46:39"
"187","308","71.8322605","40.9675021","2024-05-16 16:37:35","2024-04-24 10:41:37","2024-05-16 16:37:38"
"188","309","65.1066734","40.115858","2024-08-01 20:57:19","2024-04-24 10:57:50","2024-08-02 01:57:26"
"189","311","69.3449944","41.2736718","2024-05-03 20:12:43","2024-04-24 12:18:43","2024-05-03 20:12:45"
"190","312","68.9649217","41.0996217","2024-04-24 16:53:09","2024-04-24 14:19:27","2024-04-24 16:53:10"
"191","313","69.593533","40.9321795","2024-10-14 21:26:21","2024-04-24 14:23:00","2024-10-15 02:26:21"
"192","314","67.2818377","37.2181075","2024-10-31 12:50:02","2024-04-24 14:28:12","2024-10-31 17:50:02"
"193","315","65.9413508","39.9600382","2024-08-20 12:15:15","2024-04-24 14:29:50","2024-08-20 17:16:18"
"194","317","72.8115893","40.5619776","2024-08-05 02:36:09","2024-04-24 14:54:04","2024-08-05 06:36:09"
"195","318","71.7280024","40.4401342","2024-07-22 17:47:36","2024-04-24 15:28:02","2024-07-22 22:47:35"
"196","260","72.4180918","40.7178032","2024-07-12 13:44:17","2024-04-24 16:22:36","2024-07-12 18:44:18"
"197","239","72.3549907","40.763129","2024-05-02 11:08:59","2024-04-24 17:00:11","2024-05-02 11:07:37"
"198","322","67.3908317","37.8585783","2024-04-24 17:12:28","2024-04-24 17:10:00","2024-04-24 17:12:29"
"199","323","70.9317762","40.5172713","2024-04-27 21:31:55","2024-04-24 19:23:31","2024-04-27 21:31:56"
"200","324","73.0431273","40.4981003","2024-05-23 20:03:17","2024-04-24 19:33:31","2024-05-23 19:03:18"
"201","325","67.4224828","37.2534905","2024-04-25 08:12:13","2024-04-24 23:57:03","2024-04-25 08:12:14"
"202","328","68.7042417","40.702015","2024-04-30 12:38:14","2024-04-25 07:23:57","2024-04-30 12:38:35"
"203","280","68.4125659","40.5425892","2024-04-25 11:15:33","2024-04-25 07:29:49","2024-04-25 11:15:36"
"204","330","71.7280276","40.440067","2024-04-25 10:32:22","2024-04-25 10:20:10","2024-04-25 10:32:23"
"205","332","71.18895","41.0421905","2024-05-16 12:51:33","2024-04-25 13:17:51","2024-05-16 12:51:34"
"206","335","72.8972505","40.7091541","2024-06-13 13:19:28","2024-04-25 13:54:39","2024-06-13 12:19:35"
"207","337","64.5996445","40.0161092","2024-04-25 15:10:54","2024-04-25 15:07:37","2024-04-25 15:10:56"
"208","339","65.151478","39.274724","2024-06-18 23:04:22","2024-04-25 15:33:17","2024-06-18 23:04:23"
"209","340","71.8331302","40.5007171","2024-11-08 15:09:31","2024-04-25 16:39:29","2024-11-08 20:09:34"
"210","341","65.717025","39.9813","2024-04-26 06:11:23","2024-04-26 00:05:24","2024-04-26 06:11:24"
"211","334","64.1724253","40.0406017","2024-04-26 00:40:51","2024-04-26 00:39:09","2024-04-26 00:40:52"
"212","343","69.1690677","41.2595479","2024-11-06 12:07:57","2024-04-26 16:09:55","2024-11-06 17:07:58"
"213","345","69.3008737","40.4877291","2024-06-30 14:15:51","2024-04-27 09:53:53","2024-06-30 19:15:58"
"214","300","71.7236904","40.6721518","2024-10-12 22:58:30","2024-04-27 15:05:06","2024-10-13 03:58:35"
"215","347","71.783533","40.3864882","2024-04-28 10:12:51","2024-04-27 23:59:27","2024-04-28 10:12:56"
"216","348","71.8095226","40.6140226","2024-06-26 16:19:57","2024-04-28 11:14:25","2024-06-26 21:19:59"
"217","352","65.9351632","39.959229","2024-04-29 12:29:23","2024-04-29 12:26:32","2024-04-29 12:29:24"
"218","354","68.927149","40.2188809","2024-04-29 14:11:17","2024-04-29 14:10:04","2024-04-29 14:11:18"
"219","355","66.9717534","39.6739717","2024-04-30 20:48:40","2024-04-29 14:25:25","2024-04-30 20:48:40"
"220","356","69.2362717","41.2220867","2024-04-29 20:55:36","2024-04-29 14:38:57","2024-04-29 20:55:39"
"221","357","69.184116","41.2497853","2024-04-29 14:55:43","2024-04-29 14:52:09","2024-04-29 14:55:42"
"222","359","69.3209522","41.2762132","2024-08-14 13:12:05","2024-04-29 15:15:47","2024-08-14 18:12:08"
"223","360","71.7357683","41.3791217","2024-04-29 15:22:52","2024-04-29 15:17:49","2024-04-29 15:22:53"
"224","361","44.7533597","41.990205","2024-05-26 11:58:31","2024-04-29 19:59:21","2024-05-26 12:58:32"
"225","358","69.3221654","41.2201205","2024-05-18 21:57:20","2024-04-29 22:06:11","2024-05-18 21:57:22"
"226","362","67.3426016","39.8003377","2024-04-30 10:36:31","2024-04-30 10:15:06","2024-04-30 10:36:34"
"227","363","69.3117728","41.1862482","2024-04-30 13:07:46","2024-04-30 10:16:22","2024-04-30 13:00:52"
"228","364","71.045092","40.9867397","2024-05-04 15:08:20","2024-04-30 10:16:48","2024-05-04 15:08:22"
"229","365","41.4559281","41.4394413","2024-06-03 19:05:23","2024-04-30 10:18:22","2024-06-03 21:05:24"
"230","366","64.4759902","40.1247975","2024-04-30 16:11:40","2024-04-30 11:20:32","2024-04-30 16:11:41"
"231","367","72.7602333","40.719305","2024-05-05 18:14:23","2024-04-30 11:47:05","2024-05-05 18:14:29"
"232","368","60.9363159","41.3314217","2024-04-30 15:54:05","2024-04-30 11:55:09","2024-04-30 15:54:08"
"233","369","60.6175843","41.5366308","2024-06-01 18:23:07","2024-04-30 11:56:05","2024-06-01 18:23:10"
"234","370","69.1657214","41.3505536","2024-08-03 17:10:58","2024-04-30 12:06:17","2024-08-03 22:10:59"
"235","371","64.4150339","40.11212","2024-04-30 12:16:03","2024-04-30 12:16:05","2024-04-30 12:16:05"
"236","372","71.5649922","40.2274437","2024-05-01 14:43:30","2024-04-30 12:26:31","2024-05-01 14:43:31"
"237","375","71.4956865","40.3974072","2024-05-19 17:45:57","2024-04-30 12:29:38","2024-05-19 17:45:59"
"238","376","67.0438761","39.6480779","2024-05-01 07:32:22","2024-04-30 12:35:02","2024-05-01 07:32:23"
"239","377","69.63868","40.90536","2024-05-04 10:48:36","2024-04-30 12:40:00","2024-05-04 10:48:39"
"240","378","69.402792","41.2203508","2024-04-30 12:45:40","2024-04-30 12:42:41","2024-04-30 12:45:42"
"241","379","50.9738457","47.1971285","2024-05-15 10:16:44","2024-04-30 12:52:26","2024-05-15 10:16:46"
"242","380","69.1923721","41.2609429","2024-05-01 13:30:49","2024-04-30 13:05:02","2024-05-01 13:30:50"
"243","381","69.0967008","40.379682","2024-05-01 18:30:16","2024-04-30 13:07:45","2024-05-01 18:30:17"
"244","382","72.3791385","40.8276527","2024-04-30 20:35:11","2024-04-30 13:23:19","2024-04-30 20:35:12"
"245","383","40.6864253","45.4159766","2024-09-09 20:31:56","2024-04-30 13:26:34","2024-09-10 03:31:57"
"246","384","69.4194021","41.5139807","2024-05-16 20:20:29","2024-04-30 13:28:04","2024-05-16 20:19:13"
"247","386","71.7756561","40.4833117","2024-05-22 12:30:01","2024-04-30 14:41:40","2024-05-22 12:30:01"
"248","387","67.804258","40.0976392","2024-05-06 07:56:13","2024-04-30 14:57:08","2024-05-06 07:56:18"
"249","388","69.1537751","41.2578055","2024-04-30 15:04:08","2024-04-30 14:59:22","2024-04-30 15:04:10"
"250","389","69.3178465","41.3777352","2024-09-01 19:00:37","2024-04-30 15:08:58","2024-09-02 00:00:39"
"251","390","71.7215083","40.3732433","2024-05-01 14:13:13","2024-04-30 15:43:19","2024-05-01 14:13:15"
"252","391","69.188689","41.1937687","2024-04-30 16:21:34","2024-04-30 16:06:44","2024-04-30 16:29:19"
"253","392","69.2290106","41.2438571","2024-06-09 17:31:55","2024-04-30 16:29:55","2024-06-09 17:31:56"
"254","393","60.6620594","41.5247079","2024-05-28 10:03:12","2024-04-30 17:40:25","2024-05-28 10:03:14"
"255","394","69.185993","41.2405321","2024-05-01 15:23:29","2024-04-30 18:18:14","2024-05-01 15:23:30"
"256","396","69.2722085","41.2337401","2024-04-30 18:29:02","2024-04-30 18:26:19","2024-04-30 18:29:05"
"257","398","64.4214635","39.8059427","2024-05-03 13:43:52","2024-04-30 20:00:30","2024-05-03 13:43:53"
"258","399","72.0050605","41.0792976","2024-07-01 13:25:09","2024-04-30 20:31:47","2024-07-01 18:25:14"
"259","401","69.2353256","41.2677599","2024-05-02 21:09:44","2024-04-30 23:39:06","2024-05-02 21:09:45"
"260","404","69.231713","41.3893964","2024-05-01 08:56:30","2024-05-01 08:28:22","2024-05-01 08:56:30"
"261","405","64.6496971","40.0902598","2024-05-17 14:59:02","2024-05-01 08:28:38","2024-05-17 14:59:03"
"262","406","30.3902678","59.8077975","2024-06-10 09:06:23","2024-05-01 08:43:24","2024-06-10 11:06:24"
"263","407","66.9423918","39.6736579","2024-07-17 10:40:39","2024-05-01 08:55:56","2024-07-17 15:40:44"
"264","408","69.1154998","41.301889","2024-05-01 09:02:40","2024-05-01 09:00:56","2024-05-01 09:02:42"
"265","410","66.5629568","38.8037139","2024-06-18 16:25:04","2024-05-01 09:03:06","2024-06-18 16:25:05"
"266","412","39.6288943","52.5931635","2024-05-01 10:07:22","2024-05-01 10:16:15","2024-05-01 12:07:24"
"267","413","69.2300904","41.2439145","2024-05-17 16:36:40","2024-05-01 10:18:41","2024-05-17 16:36:40"
"268","414","69.0725253","41.1237856","2024-05-01 11:40:20","2024-05-01 11:39:08","2024-05-01 11:40:23"
"269","416","69.2668375","41.2078288","2024-05-20 19:16:42","2024-05-01 12:16:22","2024-05-20 19:16:45"
"270","417","73.0474648","40.4936649","2024-05-07 08:03:27","2024-05-01 12:43:58","2024-05-07 07:03:29"
"271","415","64.5915285","41.2345702","2024-05-02 08:15:03","2024-05-01 12:46:56","2024-05-02 08:15:06"
"272","418","40.0444619","57.6996466","2024-05-17 08:40:44","2024-05-01 12:59:51","2024-05-17 10:40:45"
"273","419","72.3415896","40.7682263","2024-05-02 23:05:57","2024-05-01 13:20:37","2024-05-02 23:05:59"
"274","420","66.6714189","38.9325562","2024-05-08 12:10:17","2024-05-01 13:39:53","2024-05-08 12:10:19"
"275","421","71.6546683","41.0104033","2024-05-02 12:06:55","2024-05-01 13:52:18","2024-05-02 12:06:56"
"276","422","71.8548184","41.3107796","2024-05-01 13:58:39","2024-05-01 13:54:25","2024-05-01 13:58:39"
"277","423","69.385985","41.3423183","2024-05-02 10:57:36","2024-05-01 14:00:26","2024-05-02 10:57:39"
"278","424","71.7517661","40.5251466","2024-05-22 08:57:55","2024-05-01 16:40:20","2024-05-22 08:57:56"
"279","425","71.4551767","40.97622","2024-05-01 16:55:50","2024-05-01 16:53:02","2024-05-01 16:56:10"
"280","426","72.2905005","40.7531937","2024-05-01 17:42:06","2024-05-01 17:32:29","2024-05-01 17:32:51"
"281","427","73.1861703","40.8275375","2024-06-05 18:24:58","2024-05-01 18:02:47","2024-06-05 17:24:58"
"282","428","64.3055781","39.9829354","2024-05-01 20:46:43","2024-05-01 20:45:30","2024-05-01 20:46:42"
"283","429","64.4372424","39.7399395","2024-05-02 00:59:23","2024-05-02 00:52:11","2024-05-02 00:59:26"
"284","430","69.1577783","41.2550183","2024-05-09 10:00:14","2024-05-02 07:02:44","2024-05-09 10:00:14"
"285","432","72.0456746","40.7287647","2024-06-04 10:04:35","2024-05-02 07:12:52","2024-06-04 10:04:36"
"286","433","61.0596607","41.3211501","2024-06-12 07:34:30","2024-05-02 07:15:10","2024-06-12 07:34:30"
"287","434","69.6295403","41.4521847","2024-05-02 07:33:55","2024-05-02 07:29:45","2024-05-02 07:33:56"
"288","436","69.3520068","41.2156268","2024-05-27 14:13:00","2024-05-02 07:38:17","2024-05-27 14:13:04"
"289","431","71.6442283","41.0185333","2024-05-02 13:48:07","2024-05-02 07:42:17","2024-05-02 13:48:08"
"290","437","72.3087285","40.8106856","2024-05-10 09:47:24","2024-05-04 09:42:11","2024-05-10 09:47:24"
"291","438","67.0449117","39.6486917","2024-05-04 19:21:55","2024-05-04 09:42:29","2024-05-04 19:21:57"
"292","439","30.389685","59.8083817","2024-08-30 14:19:25","2024-05-04 09:46:39","2024-08-30 21:19:25"
"293","440","67.0201293","39.5778436","2024-05-04 12:12:37","2024-05-04 09:48:40","2024-05-04 12:12:39"
"294","441","39.2125833","51.54324","2024-07-10 00:04:53","2024-05-04 10:14:39","2024-07-10 07:04:54"
"295","442","71.2308817","40.9741967","2024-05-04 18:42:44","2024-05-04 10:15:26","2024-05-04 18:42:47"
"296","444","67.0860723","39.7090415","2024-05-12 11:03:35","2024-05-04 10:49:39","2024-05-12 11:03:37"
"297","445","70.8466158","40.529009","2024-05-19 06:22:27","2024-05-04 10:54:40","2024-05-19 06:22:27"
"298","446","69.161812","41.3325801","2024-05-08 06:41:49","2024-05-04 11:04:02","2024-05-08 06:41:50"
"299","447","71.8116544","40.3987819","2024-05-04 11:07:48","2024-05-04 11:05:48","2024-05-04 11:07:48"
"300","448","69.1212417","41.3409717","2024-05-04 11:43:47","2024-05-04 11:34:13","2024-05-04 11:43:48"
"301","449","72.2054709","40.8846867","2024-06-08 09:48:20","2024-05-04 12:04:16","2024-06-08 09:48:22"
"302","451","69.3478324","41.2361551","2024-05-05 01:10:20","2024-05-04 14:35:11","2024-05-05 01:10:21"
"303","452","69.1947101","41.3683624","2024-05-10 13:22:14","2024-05-04 16:37:30","2024-05-10 13:22:16"
"304","454","69.3929535","41.3415683","2024-05-04 17:07:41","2024-05-04 17:06:55","2024-05-04 17:07:41"
"305","455","63.8791967","39.5309883","2024-05-04 19:22:34","2024-05-04 18:23:43","2024-05-04 19:22:35"
"306","456","69.5797467","40.94306","2024-05-04 20:34:21","2024-05-04 20:29:56","2024-05-04 20:34:21"
"307","457","70.1202139","41.0294562","2024-05-22 10:37:39","2024-05-04 21:44:32","2024-05-22 10:37:42"
"308","459","69.3353881","41.3089975","2024-05-05 14:49:16","2024-05-04 22:06:17","2024-05-05 14:49:18"
"309","435","71.6870928","40.7005821","2024-05-05 08:31:25","2024-05-04 22:18:37","2024-05-05 08:31:26"
"310","462","72.7978633","40.7315883","2024-05-05 19:49:54","2024-05-05 13:29:03","2024-05-05 19:50:02"
"311","463","69.3492229","41.2470731","2024-05-05 16:31:41","2024-05-05 14:58:58","2024-05-05 16:31:43"
"312","466","69.3572831","41.2929641","2024-05-22 18:07:39","2024-05-05 17:09:04","2024-05-22 18:07:41"
"313","469","69.1348819","41.2217707","2024-05-05 20:29:04","2024-05-05 20:26:17","2024-05-05 20:29:10"
"314","464","71.7553179","40.5246841","2024-09-24 08:19:48","2024-05-05 22:19:05","2024-09-24 13:19:49"
"315","470","64.4020675","39.8183032","2024-05-06 10:47:20","2024-05-05 22:22:40","2024-05-06 10:47:21"
"316","256","71.6174473","40.2246524","2024-05-20 07:00:51","2024-05-06 07:40:39","2024-05-20 07:00:51"
"317","471","71.4469086","40.9732247","2024-05-11 22:51:23","2024-05-06 09:50:17","2024-05-11 22:51:23"
"318","473","59.5713713","42.3659797","2024-08-15 01:36:49","2024-05-06 11:02:47","2024-08-15 06:36:50"
"319","474","60.6172319","41.5325723","2024-05-07 11:55:12","2024-05-06 12:19:46","2024-05-07 11:55:12"
"320","475","69.1202375","41.3008089","2024-05-07 13:16:37","2024-05-06 12:27:24","2024-05-07 13:16:38"
"321","476","64.2853057","39.8922448","2024-05-07 08:58:23","2024-05-06 13:39:41","2024-05-07 08:58:23"
"322","478","67.0541002","39.5771783","2024-05-22 22:49:43","2024-05-06 18:11:20","2024-05-22 22:49:44"
"323","479","71.8067993","40.3777238","2024-05-16 15:19:51","2024-05-06 18:14:53","2024-05-16 15:19:54"
"324","480","69.160579","41.3341993","2024-05-06 19:37:14","2024-05-06 19:33:51","2024-05-06 19:37:15"
"325","481","68.8336583","40.2113183","2024-05-06 22:55:50","2024-05-06 22:50:52","2024-05-06 22:55:51"
"326","482","68.7380496","40.9205367","2024-05-07 19:08:23","2024-05-06 23:37:52","2024-05-07 19:08:23"
"327","484","69.3011667","41.0342868","2024-07-23 16:24:58","2024-05-07 07:58:06","2024-07-23 21:24:59"
"328","486","27.4145033","53.8498633","2024-06-19 12:12:09","2024-05-07 11:04:15","2024-06-19 14:12:10"
"329","487","66.0457808","39.2967626","2024-05-20 16:11:07","2024-05-07 12:06:00","2024-05-20 16:11:08"
"330","491","69.242556","40.2958418","2024-05-07 14:10:19","2024-05-07 14:09:21","2024-05-07 14:10:20"
"331","493","63.8808196","39.534656","2024-06-27 15:37:38","2024-05-07 14:26:23","2024-06-27 20:37:39"
"332","494","65.7547861","38.7913805","2024-10-26 16:21:28","2024-05-07 14:27:06","2024-10-26 21:21:28"
"333","495","67.428124","39.8378275","2024-05-07 14:33:54","2024-05-07 14:30:26","2024-05-07 14:33:56"
"334","496","84.95185","56.5378783","2024-05-31 12:53:37","2024-05-07 15:12:15","2024-05-31 10:53:38"
"335","497","69.3854152","41.2771533","2024-10-30 11:54:36","2024-05-07 15:53:57","2024-10-30 16:54:37"
"336","499","69.3410697","41.2480169","2024-05-24 13:21:10","2024-05-07 16:54:07","2024-05-24 13:21:12"
"337","500","70.5782563","40.4467824","2024-05-10 20:57:23","2024-05-07 19:16:49","2024-05-10 20:57:25"
"338","503","60.6082308","41.5094092","2024-08-13 10:38:36","2024-05-07 22:53:10","2024-08-13 15:38:37"
"339","505","69.3500224","41.2152703","2024-05-07 23:27:07","2024-05-07 23:24:51","2024-05-07 23:27:08"
"340","506","60.9813877","41.5444276","2024-08-18 13:34:32","2024-05-07 23:27:05","2024-08-18 18:34:31"
"341","508","69.3448802","41.2735145","2024-05-08 00:13:34","2024-05-08 00:10:24","2024-05-08 00:13:35"
"342","509","131.9846306","43.1076276","2024-05-08 18:32:28","2024-05-08 01:24:20","2024-05-08 13:32:28"
"343","510","69.9697361","40.9761582","2024-05-11 21:37:31","2024-05-08 08:40:48","2024-05-11 21:37:35"
"344","511","71.20426","40.5306617","2024-05-08 09:21:02","2024-05-08 08:44:50","2024-05-08 09:21:56"
"345","513","67.5928313","37.8383933","2024-05-24 13:51:06","2024-05-08 09:55:13","2024-05-24 13:51:07"
"346","514","73.0497379","40.4901023","2024-08-11 23:17:41","2024-05-08 10:11:25","2024-08-12 03:17:44"
"347","515","64.4251065","39.7639564","2024-10-16 20:35:45","2024-05-08 10:17:50","2024-10-17 01:35:47"
"348","516","72.7568476","40.5745531","2024-06-05 22:29:23","2024-05-08 10:37:48","2024-06-05 22:29:25"
"349","517","69.5241799","41.4139886","2024-05-12 06:37:38","2024-05-08 12:21:37","2024-05-12 06:36:20"
"350","519","68.9490879","40.2344431","2024-05-08 16:28:30","2024-05-08 14:27:11","2024-05-08 16:28:32"
"351","523","61.6433542","53.9981678","2024-05-12 15:16:41","2024-05-08 16:25:12","2024-05-12 15:16:42"
"352","524","69.3730856","41.2418721","2024-05-08 19:31:08","2024-05-08 17:14:46","2024-05-08 19:31:09"
"353","525","69.3266263","40.8565064","2024-05-10 12:59:04","2024-05-08 17:24:49","2024-05-10 12:59:06"
"354","528","69.0843896","41.1384898","2024-05-11 03:08:37","2024-05-09 00:46:40","2024-05-11 03:08:39"
"355","530","67.8313818","40.1551777","2024-11-15 02:48:57","2024-05-09 12:13:07","2024-11-15 07:48:59"
"356","529","68.4656548","40.133871","2024-05-09 23:52:33","2024-05-09 12:13:16","2024-05-09 23:52:34"
"357","531","65.7624407","38.8329125","2024-05-09 16:02:45","2024-05-09 12:22:30","2024-05-09 16:02:50"
"358","532","67.0220267","39.64156","2024-08-08 23:06:44","2024-05-09 15:30:54","2024-08-09 04:06:45"
"359","535","69.2897633","40.2068567","2024-09-15 20:14:12","2024-05-10 08:49:32","2024-09-16 01:14:14"
"360","537","67.1710152","37.400242","2024-10-24 16:38:45","2024-05-10 10:50:49","2024-10-24 21:38:45"
"361","538","69.2597392","41.2043545","2024-05-10 15:13:42","2024-05-10 11:28:20","2024-05-10 15:13:43"
"362","540","70.697357","40.9345739","2024-05-17 10:17:33","2024-05-10 12:52:08","2024-05-17 10:17:34"
"363","541","71.7180473","41.0234762","2024-05-11 07:11:45","2024-05-10 15:46:17","2024-05-11 07:11:44"
"364","542","71.9290015","40.5152662","2024-09-24 22:58:16","2024-05-10 19:24:59","2024-09-25 03:58:53"
"365","544","69.2884868","41.1706984","2024-06-10 15:04:39","2024-05-10 19:55:20","2024-06-10 15:04:42"
"366","545","55.8334903","56.288799","2024-11-12 00:55:33","2024-05-10 20:49:42","2024-11-12 05:55:34"
"367","547","71.7798915","40.3759065","2024-05-11 01:07:05","2024-05-11 00:12:33","2024-05-11 01:07:06"
"368","548","39.7024688","47.2031736","2024-05-11 10:01:42","2024-05-11 08:17:55","2024-05-11 12:01:44"
"369","549","69.1927905","41.2441398","2024-09-08 16:11:20","2024-05-11 08:48:06","2024-09-08 21:11:21"
"370","550","65.8427135","38.8974515","2024-05-11 09:56:33","2024-05-11 09:55:28","2024-05-11 09:56:40"
"371","551","64.6084112","39.9882875","2024-05-11 10:11:17","2024-05-11 10:07:01","2024-05-11 10:11:19"
"372","546","69.2018343","41.1781552","2024-05-22 10:48:39","2024-05-11 11:04:11","2024-05-22 10:48:41"
"373","552","69.3409969","41.2481901","2024-05-11 16:21:29","2024-05-11 12:28:40","2024-05-11 16:21:30"
"374","554","71.4994861","40.9385632","2024-05-11 16:17:08","2024-05-11 16:12:32","2024-05-11 16:17:10"
"375","555","44.6020836","43.0772326","2024-08-13 17:12:01","2024-05-11 16:50:07","2024-08-14 00:12:03"
"376","556","69.3449638","41.2735796","2024-05-18 22:18:06","2024-05-11 23:53:31","2024-05-18 22:18:07"
"377","557","66.1560998","39.9304579","2024-05-12 09:38:10","2024-05-12 09:32:44","2024-05-12 09:38:12"
"378","558","69.410266","41.5219214","2024-10-31 06:57:38","2024-05-12 10:07:57","2024-10-31 11:57:39"
"379","560","69.3044483","41.25244","2024-05-29 16:51:31","2024-05-12 10:28:43","2024-05-29 16:51:32"
"380","559","67.0441817","39.6484883","2024-05-26 09:41:44","2024-05-12 10:28:49","2024-05-26 09:41:45"
"381","561","69.3177388","41.1950664","2024-05-12 12:34:37","2024-05-12 10:30:32","2024-05-12 12:34:40"
"382","562","66.9506122","39.7089095","2024-05-13 08:26:27","2024-05-12 10:31:03","2024-05-13 08:26:28"
"383","564","49.5882881","40.5967393","2024-06-09 08:25:20","2024-05-12 11:14:18","2024-06-09 09:25:21"
"384","565","65.9332278","39.9702693","2024-05-12 23:03:21","2024-05-12 11:17:37","2024-05-12 23:03:23"
"385","566","69.3634839","41.2470314","2024-05-12 11:52:20","2024-05-12 11:41:43","2024-05-12 11:52:21"
"386","568","71.2569383","40.9794933","2024-05-12 18:40:05","2024-05-12 18:38:33","2024-05-12 18:40:06"
"387","569","69.1423936","41.2247518","2024-05-12 20:44:11","2024-05-12 20:39:03","2024-05-12 20:44:12"
"388","571","71.2811789","40.3596365","2024-06-04 23:34:17","2024-05-12 20:40:41","2024-06-04 23:34:19"
"389","572","65.9340451","40.0592947","2024-06-06 23:00:37","2024-05-12 20:46:21","2024-06-06 23:00:38"
"390","574","65.8349543","38.8355716","2024-05-12 21:20:23","2024-05-12 20:54:53","2024-05-12 21:20:25"
"391","575","70.9480214","40.5467868","2024-05-13 07:14:01","2024-05-12 21:02:10","2024-05-13 07:14:03"
"392","576","72.2854931","40.7544111","2024-05-23 17:01:20","2024-05-12 21:42:16","2024-05-23 17:01:20"
"393","577","69.1865683","41.2472933","2024-05-12 22:37:02","2024-05-12 22:14:57","2024-05-12 22:37:03"
"394","578","71.6079071","40.5564432","2024-06-02 20:31:02","2024-05-12 22:25:35","2024-06-02 20:31:03"
"395","579","44.0568733","56.3542217","2024-06-18 18:06:33","2024-05-13 01:16:22","2024-06-18 20:06:34"
"396","580","69.19526","41.216385","2024-05-25 19:20:30","2024-05-15 09:25:28","2024-05-25 19:20:30"
"397","582","69.2746016","41.2395455","2024-07-02 19:17:00","2024-05-15 14:37:28","2024-07-03 00:17:00"
"398","583","67.0221258","39.6504775","2024-09-26 16:20:37","2024-05-15 14:50:12","2024-09-26 21:20:39"
"399","584","66.8124526","39.0094486","2024-06-18 23:12:16","2024-05-15 14:52:22","2024-06-18 23:12:17"
"400","585","83.7954529","53.3798401","2024-07-19 09:11:31","2024-05-15 17:41:22","2024-07-19 12:11:32"
"401","586","69.2754239","41.2399365","2024-05-24 22:54:30","2024-05-15 20:07:04","2024-05-24 22:54:31"
"402","588","71.2563678","40.9906907","2024-09-24 11:19:58","2024-05-16 09:55:33","2024-09-24 16:19:59"
"403","589","64.5708854","40.0513617","2024-09-13 14:24:30","2024-05-16 11:31:41","2024-09-13 19:24:32"
"404","590","48.6396709","46.5458834","2024-11-01 08:37:48","2024-05-16 12:13:38","2024-11-01 14:40:15"
"405","587","64.6799106","40.1049287","2024-05-16 18:07:48","2024-05-16 18:07:16","2024-05-16 18:07:48"
"406","595","66.8529117","39.12594","2024-11-03 20:54:08","2024-05-16 20:31:02","2024-11-04 01:55:02"
"407","592","64.4312531","39.7644513","2024-10-24 19:55:38","2024-05-16 21:59:52","2024-10-25 00:55:41"
"408","597","67.0392014","37.8441976","2024-08-03 19:03:57","2024-05-16 22:05:15","2024-08-04 00:03:58"
"409","598","70.9481767","40.546785","2024-06-06 22:04:00","2024-05-16 23:14:30","2024-06-06 22:04:01"
"410","600","60.6164934","41.5374838","2024-05-22 14:12:40","2024-05-17 01:08:34","2024-05-22 14:12:41"
"411","601","72.7573589","40.5746648","2024-05-18 08:49:01","2024-05-17 07:17:35","2024-05-18 08:49:01"
"412","603","67.4194893","37.2544897","2024-11-12 16:23:22","2024-05-17 10:44:53","2024-11-12 21:23:22"
"413","606","41.7247109","57.1089614","2024-05-28 11:46:31","2024-05-17 11:46:23","2024-05-28 13:46:32"
"414","607","70.0797317","40.994365","2024-05-17 12:37:33","2024-05-17 12:25:36","2024-05-17 12:37:34"
"415","608","36.0507783","56.784415","2024-05-17 18:28:10","2024-05-17 12:54:13","2024-05-17 20:28:11"
"416","610","64.6916878","40.0964317","2024-05-17 13:13:53","2024-05-17 13:11:05","2024-05-17 13:13:53"
"417","611","64.5009251","39.9608849","2024-05-23 17:25:59","2024-05-17 13:26:07","2024-05-23 17:25:59"
"418","612","60.5973866","41.5509881","2024-05-17 15:29:05","2024-05-17 15:26:48","2024-05-17 15:29:05"
"419","613","71.7833283","41.3734933","2024-10-05 22:43:42","2024-05-17 21:27:58","2024-10-06 03:43:44"
"420","616","60.5279421","41.3394832","2024-05-20 20:46:06","2024-05-18 01:32:13","2024-05-20 20:46:08"
"421","619","67.0294013","39.6547525","2024-07-02 17:55:30","2024-05-18 11:27:52","2024-07-02 22:55:30"
"422","620","60.6175438","41.5371942","2024-08-31 15:20:31","2024-05-18 15:37:39","2024-08-31 20:20:34"
"423","621","72.4988081","40.8579048","2024-05-22 07:33:46","2024-05-18 16:54:18","2024-05-22 07:33:47"
"424","622","92.8896533","56.042155","2024-06-11 21:07:18","2024-05-18 19:17:19","2024-06-11 19:07:20"
"425","623","34.6519577","36.8331843","2024-07-08 01:11:20","2024-05-18 20:02:18","2024-07-08 08:11:21"
"426","624","70.9186714","40.55016","2024-06-29 23:10:16","2024-05-18 21:35:16","2024-06-30 04:10:18"
"427","626","69.3450648","41.2736496","2024-06-09 22:58:46","2024-05-18 22:23:51","2024-06-09 22:58:47"
"428","627","66.983151","37.4181843","2024-11-12 00:15:00","2024-05-18 23:29:25","2024-11-12 05:15:01"
"429","630","71.7034802","41.036939","2024-10-23 10:21:59","2024-05-19 05:33:23","2024-10-23 15:22:01"
"430","631","71.2217027","40.9891575","2024-05-19 06:54:28","2024-05-19 06:52:12","2024-05-19 06:54:28"
"431","633","65.1876817","40.1425076","2024-09-13 21:06:00","2024-05-19 09:18:37","2024-09-14 02:06:02"
"432","634","69.3030044","41.2356515","2024-05-28 10:02:11","2024-05-19 09:37:33","2024-05-28 10:02:12"
"433","635","71.757785","40.40153","2024-05-23 15:43:44","2024-05-19 09:45:40","2024-05-23 15:43:44"
"434","636","69.36288","41.247495","2024-05-31 13:42:36","2024-05-19 10:39:48","2024-05-31 13:42:36"
"435","637","69.1231069","41.2113785","2024-07-01 23:51:42","2024-05-19 10:46:38","2024-07-02 04:51:42"
"436","639","65.474312","38.8398571","2024-05-20 11:03:27","2024-05-19 13:37:16","2024-05-20 11:03:28"
"437","640","35.5612347","40.8758743","2024-05-22 16:05:04","2024-05-19 13:51:58","2024-05-22 18:05:08"
"438","641","71.2334067","40.4657423","2024-05-19 17:24:16","2024-05-19 13:56:04","2024-05-19 17:24:20"
"439","642","69.1653349","41.2499396","2024-06-10 20:52:13","2024-05-19 14:08:41","2024-06-10 20:49:34"
"440","644","66.8681975","39.6677697","2024-09-03 18:42:26","2024-05-19 15:10:31","2024-09-03 23:42:28"
"441","645","76.9654057","43.3438028","2024-05-23 23:51:58","2024-05-19 15:41:07","2024-05-23 23:51:59"
"442","646","66.86932","39.743675","2024-10-14 18:57:51","2024-05-19 16:00:07","2024-10-14 23:57:55"
"443","647","82.8263153","54.9478231","2024-05-28 14:45:27","2024-05-19 16:02:01","2024-05-28 12:45:27"
"444","648","69.1277768","41.2270661","2024-05-24 16:41:00","2024-05-19 16:05:58","2024-05-24 16:41:02"
"445","649","64.3489165","39.8471911","2024-05-19 16:21:33","2024-05-19 16:20:41","2024-05-19 16:21:34"
"446","650","69.1576606","41.2334142","2024-05-19 17:56:24","2024-05-19 17:55:22","2024-05-19 17:56:25"
"447","652","72.7355783","40.5906417","2024-05-22 17:05:12","2024-05-19 18:32:23","2024-05-22 17:05:13"
"448","651","67.88885","40.1389196","2024-05-31 11:03:48","2024-05-19 18:33:29","2024-05-31 11:03:51"
"449","653","69.3375024","41.363961","2024-05-20 07:02:25","2024-05-19 18:33:30","2024-05-20 07:02:26"
"450","656","60.4293354","41.8155852","2024-07-05 08:32:07","2024-05-19 19:49:40","2024-07-05 13:32:07"
"451","657","69.2241541","40.2883026","2024-11-12 22:50:41","2024-05-19 20:07:56","2024-11-13 03:50:42"
"452","660","69.3244761","41.346642","2024-08-26 14:56:51","2024-05-19 20:37:10","2024-08-26 19:56:54"
"453","661","65.3796298","40.1122763","2024-07-14 06:55:13","2024-05-19 21:06:27","2024-07-14 11:55:14"
"454","662","60.394626","41.8411317","2024-06-25 15:16:23","2024-05-19 21:32:00","2024-06-25 20:16:27"
"455","663","70.9290584","40.5412651","2024-11-08 10:29:10","2024-05-19 22:40:26","2024-11-08 15:29:10"
"456","664","70.1247633","41.01308","2024-05-20 11:26:22","2024-05-19 22:43:36","2024-05-20 11:26:24"
"457","666","69.1195896","41.3005821","2024-05-23 14:14:40","2024-05-20 06:27:08","2024-05-23 14:14:46"
"458","667","66.9674774","39.7105286","2024-07-10 11:47:16","2024-05-20 07:37:03","2024-07-10 16:47:20"
"459","668","70.953435","40.5257483","2024-05-21 08:45:01","2024-05-20 08:03:32","2024-05-21 08:45:01"
"460","669","69.183741","41.2498915","2024-05-20 09:30:22","2024-05-20 09:28:39","2024-05-20 09:30:23"
"461","670","60.4006879","41.4485355","2024-05-20 09:46:09","2024-05-20 09:43:32","2024-05-20 09:46:11"
"462","671","69.3410093","41.2479656","2024-05-28 10:18:53","2024-05-20 10:00:34","2024-05-28 10:18:55"
"463","672","67.0431281","37.623025","2024-06-27 14:21:49","2024-05-20 10:01:04","2024-06-27 19:21:50"
"464","673","64.4248062","39.8221207","2024-08-20 10:54:03","2024-05-20 10:25:41","2024-08-20 15:54:04"
"465","675","71.798861","40.3702196","2024-05-20 11:41:48","2024-05-20 11:40:12","2024-05-20 11:41:47"
"466","678","61.0897252","41.3062154","2024-05-20 12:18:03","2024-05-20 12:15:47","2024-05-20 12:18:07"
"467","680","60.6601109","41.3424116","2024-09-22 14:37:32","2024-05-20 12:52:51","2024-09-22 19:37:35"
"468","681","60.6943222","41.6333287","2024-05-21 11:03:25","2024-05-20 12:57:04","2024-05-21 11:03:28"
"469","682","58.8442393","42.9987508","2024-05-20 19:37:50","2024-05-20 13:03:26","2024-05-20 19:37:56"
"470","683","69.155618","41.2595497","2024-05-20 13:49:04","2024-05-20 13:30:35","2024-05-20 13:49:05"
"471","684","66.9287834","39.5858004","2024-07-16 06:49:33","2024-05-20 13:35:02","2024-07-16 11:49:43"
"472","685","60.9792192","41.3482895","2024-06-01 06:54:55","2024-05-20 13:53:57","2024-06-01 06:54:56"
"473","687","65.9211269","40.0769435","2024-07-07 20:16:03","2024-05-20 14:04:28","2024-07-08 01:16:11"
"474","688","69.2580184","41.2206289","2024-06-07 14:53:50","2024-05-20 14:08:06","2024-06-07 14:53:12"
"475","689","72.757705","40.574455","2024-09-14 13:10:27","2024-05-20 14:16:08","2024-09-14 18:10:28"
"476","690","71.8198045","40.3510485","2024-05-20 16:08:06","2024-05-20 14:21:07","2024-05-20 16:08:06"
"477","691","65.9914432","40.053267","2024-10-26 12:12:58","2024-05-20 14:22:48","2024-10-26 17:12:59"
"478","692","70.9674854","40.5505852","2024-10-05 15:56:49","2024-05-20 14:27:10","2024-10-05 20:56:56"
"479","693","73.0496567","40.4893857","2024-06-09 18:49:24","2024-05-20 14:41:16","2024-06-09 17:49:23"
"480","694","71.3938652","40.373725","2024-05-20 15:03:01","2024-05-20 14:46:05","2024-05-20 15:03:03"
"481","696","69.2262522","41.2667043","2024-05-20 16:31:44","2024-05-20 16:29:27","2024-05-20 16:31:47"
"482","697","68.1663266","40.1147432","2024-05-25 21:06:39","2024-05-20 16:54:25","2024-05-25 21:06:41"
"483","698","69.1201379","41.3005062","2024-07-11 20:29:12","2024-05-20 17:02:43","2024-07-12 01:29:15"
"484","700","67.1579535","39.7316053","2024-06-14 22:19:50","2024-05-20 17:23:42","2024-06-14 22:19:50"
"485","701","69.315991","41.2008647","2024-05-20 23:04:33","2024-05-20 17:36:52","2024-05-20 23:04:35"
"486","702","69.1581083","41.2551","2024-05-20 18:00:47","2024-05-20 17:48:52","2024-05-20 18:00:48"
"487","704","71.8487017","40.3536428","2024-05-20 17:54:48","2024-05-20 17:54:17","2024-05-20 17:54:48"
"488","705","69.11415","41.2050244","2024-05-30 14:24:24","2024-05-20 18:01:54","2024-05-30 14:24:25"
"489","706","68.5665409","40.8355469","2024-11-15 04:49:17","2024-05-20 18:41:42","2024-11-15 09:49:18"
"490","707","69.211013","41.2383454","2024-05-24 19:38:19","2024-05-20 18:48:55","2024-05-24 19:38:21"
"491","708","60.1489256","42.24655","2024-09-10 07:55:03","2024-05-20 19:10:52","2024-09-10 12:55:04"
"492","709","66.4869303","39.117206","2024-06-06 02:25:52","2024-05-20 19:42:15","2024-06-06 02:25:52"
"493","710","70.7503652","40.3693625","2024-05-20 20:26:31","2024-05-20 20:08:13","2024-05-20 20:26:35"
"494","712","66.7888955","39.7388061","2024-05-25 00:10:42","2024-05-20 20:26:22","2024-05-25 00:10:44"
"495","713","69.1516865","41.2276336","2024-06-04 15:51:06","2024-05-20 20:26:55","2024-06-04 15:51:08"
"496","714","64.6598219","38.8133621","2024-05-20 20:48:49","2024-05-20 20:45:10","2024-05-20 20:48:54"
"497","715","60.5283765","41.3394327","2024-05-22 11:17:49","2024-05-20 20:53:39","2024-05-22 11:17:53"
"498","716","64.4411948","39.7547274","2024-09-12 12:36:15","2024-05-20 21:14:22","2024-09-12 17:36:16"
"499","717","69.4100371","41.5225474","2024-07-28 14:31:21","2024-05-20 21:19:41","2024-07-28 19:31:26"
"500","718","65.94132","39.914535","2024-05-20 21:39:02","2024-05-20 21:37:38","2024-05-20 21:39:03"
"501","719","68.9506417","40.231535","2024-07-03 21:18:26","2024-05-20 21:46:53","2024-07-04 02:18:27"
"502","720","71.8293448","40.3488931","2024-05-20 21:49:37","2024-05-20 21:47:19","2024-05-20 21:49:38"
"503","721","69.3418795","41.2449697","2024-06-02 09:25:05","2024-05-20 21:56:45","2024-06-02 09:25:08"
"504","722","71.8604832","40.4964552","2024-05-22 17:39:09","2024-05-20 21:59:11","2024-05-22 17:40:11"
"505","723","69.0591437","40.2305498","2024-05-22 11:58:10","2024-05-20 22:09:51","2024-05-22 11:58:12"
"506","725","71.1574744","40.5954907","2024-08-23 22:49:54","2024-05-20 22:37:32","2024-08-24 03:51:08"
"507","726","71.968724","41.0122201","2024-08-11 06:17:34","2024-05-20 22:44:33","2024-08-11 11:17:35"
"508","727","71.4659995","40.3901279","2024-05-30 10:06:43","2024-05-20 22:50:22","2024-05-30 10:06:46"
"509","728","67.0410825","39.634974","2024-06-26 10:41:08","2024-05-20 23:03:20","2024-06-26 15:41:11"
"510","729","64.4200311","39.8066401","2024-05-21 20:49:58","2024-05-20 23:11:39","2024-05-21 20:50:18"
"511","730","67.8910636","38.2657731","2024-05-25 18:53:41","2024-05-20 23:14:25","2024-05-25 18:53:41"
"512","731","69.2534023","41.2793777","2024-05-21 14:31:32","2024-05-21 01:22:33","2024-05-21 14:31:32"
"513","732","73.0496628","40.4892548","2024-05-24 10:15:01","2024-05-21 02:31:21","2024-05-24 09:15:02"
"514","733","72.1221749","40.6616493","2024-06-27 21:14:38","2024-05-21 05:52:32","2024-06-28 02:14:41"
"515","735","70.6409337","40.3235342","2024-05-21 06:04:06","2024-05-21 06:01:36","2024-05-21 06:04:06"
"516","736","72.0263","40.7240333","2024-05-29 09:14:41","2024-05-21 06:02:07","2024-05-29 09:14:41"
"517","738","69.1476853","41.2621458","2024-05-21 08:11:32","2024-05-21 08:09:36","2024-05-21 08:11:34"
"518","739","60.8569956","41.7599251","2024-05-21 08:26:18","2024-05-21 08:20:31","2024-05-21 08:26:20"
"519","740","66.2564195","39.897986","2024-05-24 11:29:31","2024-05-21 08:28:45","2024-05-24 11:29:32"
"520","741","60.2389095","41.6746864","2024-05-21 18:13:40","2024-05-21 09:19:12","2024-05-21 18:13:43"
"521","742","69.9516333","41.6339104","2024-05-21 09:26:43","2024-05-21 09:21:20","2024-05-21 09:26:45"
"522","743","72.1976841","40.6829066","2024-05-24 16:58:00","2024-05-21 09:22:11","2024-05-24 16:58:23"
"523","744","37.9839279","55.5841188","2024-10-30 18:48:19","2024-05-21 09:53:58","2024-10-31 01:48:24"
"524","745","68.8190392","40.2866071","2024-05-22 15:19:31","2024-05-21 09:54:08","2024-05-22 15:19:32"
"525","748","66.9192894","39.7731963","2024-05-22 07:43:40","2024-05-21 11:16:42","2024-05-22 07:43:41"
"526","749","60.6428131","41.5275704","2024-06-29 14:18:41","2024-05-21 11:37:00","2024-06-29 19:18:41"
"527","750","60.9777767","41.5839867","2024-05-22 11:38:03","2024-05-21 11:37:14","2024-05-22 11:38:04"
"528","751","69.486635","40.9004817","2024-10-05 05:05:07","2024-05-21 11:39:05","2024-10-05 10:05:08"
"529","752","71.75818","41.2290083","2024-05-21 13:12:29","2024-05-21 11:47:31","2024-05-21 13:12:31"
"530","753","69.09683","41.1936833","2024-05-22 12:34:19","2024-05-21 11:58:57","2024-05-22 12:34:21"
"531","754","60.9291384","41.3682372","2024-05-23 21:24:52","2024-05-21 12:25:53","2024-05-23 21:24:55"
"532","755","69.3146192","41.2009387","2024-05-22 10:35:00","2024-05-21 12:35:18","2024-05-22 10:35:00"
"533","756","71.6840033","40.9665067","2024-05-21 12:44:40","2024-05-21 12:40:48","2024-05-21 12:44:41"
"534","758","66.2286702","39.9026265","2024-05-23 17:28:45","2024-05-21 12:59:21","2024-05-23 17:28:46"
"535","759","72.2799555","40.7852211","2024-05-24 08:36:54","2024-05-21 13:16:22","2024-05-24 08:36:55"
"536","760","71.7703472","40.5548535","2024-07-03 00:33:47","2024-05-21 13:27:20","2024-07-03 05:33:48"
"537","761","69.3114308","41.2219949","2024-09-13 08:57:17","2024-05-21 13:32:54","2024-09-13 13:57:17"
"538","762","69.3285289","41.2080075","2024-06-23 17:06:44","2024-05-21 13:39:00","2024-06-23 22:06:45"
"539","763","64.6714236","40.1056972","2024-05-21 14:28:36","2024-05-21 14:21:52","2024-05-21 14:28:37"
"540","764","64.4333073","39.800041","2024-08-22 19:32:52","2024-05-21 14:25:23","2024-08-23 00:33:30"
"541","765","68.7238805","40.6278031","2024-07-05 12:58:54","2024-05-21 14:58:35","2024-07-05 17:58:55"
"542","766","71.6619531","40.3594915","2024-05-26 18:40:21","2024-05-21 15:01:33","2024-05-26 18:40:22"
"543","768","71.5164508","40.3896119","2024-05-27 16:09:39","2024-05-21 15:46:44","2024-05-27 16:09:40"
"544","770","69.2497817","41.2332917","2024-09-16 20:19:55","2024-05-21 16:34:12","2024-09-17 01:19:56"
"545","771","67.3432533","37.2542933","2024-05-21 18:29:35","2024-05-21 16:52:38","2024-05-21 18:29:37"
"546","773","71.2722432","40.4443011","2024-10-29 19:52:57","2024-05-21 17:26:05","2024-10-30 00:52:58"
"547","774","69.186235","41.2402667","2024-11-07 14:25:42","2024-05-21 17:36:50","2024-11-07 19:25:42"
"548","775","71.580169","40.9971315","2024-08-14 18:19:36","2024-05-21 17:38:01","2024-08-14 23:19:38"
"549","776","64.7430943","40.0045118","2024-05-21 18:51:02","2024-05-21 18:47:50","2024-05-21 18:49:57"
"550","777","69.3195121","41.1999959","2024-05-23 19:15:05","2024-05-21 18:59:17","2024-05-23 19:15:06"
"551","778","69.3257517","41.20691","2024-06-29 05:19:34","2024-05-21 20:45:29","2024-06-29 10:19:34"
"552","779","67.621514","39.7459496","2024-05-21 21:25:16","2024-05-21 21:20:46","2024-05-21 21:25:18"
"553","780","67.043815","39.64284","2024-05-26 16:38:36","2024-05-21 21:43:14","2024-05-26 16:38:37"
"554","781","72.0180192","40.2894564","2024-05-21 22:27:58","2024-05-21 22:24:34","2024-05-21 22:28:00"
"555","784","69.1865167","41.2259917","2024-05-21 23:13:54","2024-05-21 23:13:12","2024-05-21 23:13:56"
"556","785","71.4776122","40.346099","2024-06-11 15:03:24","2024-05-21 23:15:19","2024-06-11 15:03:25"
"557","786","67.0444033","39.6497533","2024-06-03 17:31:23","2024-05-21 23:41:14","2024-06-03 17:31:24"
"558","787","68.5031188","40.5083817","2024-05-22 07:15:02","2024-05-22 01:10:56","2024-05-22 07:15:05"
"559","788","69.3684523","41.2911612","2024-09-03 23:34:30","2024-05-22 01:43:14","2024-09-04 04:34:32"
"560","789","69.2273257","41.2777429","2024-06-24 15:40:58","2024-05-22 02:16:36","2024-06-24 20:40:58"
"561","790","71.4730206","40.3915076","2024-05-22 12:23:14","2024-05-22 05:14:06","2024-05-22 12:23:14"
"562","791","72.49209","40.745405","2024-05-22 06:20:36","2024-05-22 06:19:21","2024-05-22 06:20:36"
"563","792","71.6482733","40.99313","2024-05-22 06:29:43","2024-05-22 06:28:31","2024-05-22 06:29:44"
"564","793","71.0947017","41.0013533","2024-05-22 06:52:39","2024-05-22 06:51:17","2024-05-22 06:52:40"
"565","794","71.1950116","40.4767846","2024-05-25 10:00:47","2024-05-22 07:17:40","2024-05-25 10:00:48"
"566","795","106.702753","47.8997119","2024-11-09 03:18:33","2024-05-22 07:51:04","2024-11-09 05:18:35"
"567","796","69.662505","40.8981633","2024-09-19 01:53:05","2024-05-22 08:43:14","2024-09-19 06:53:05"
"568","797","67.0169882","39.6935597","2024-05-24 09:32:06","2024-05-22 09:23:00","2024-05-24 09:32:10"
"569","798","69.6627096","40.897956","2024-09-14 01:21:24","2024-05-22 09:28:39","2024-09-14 06:21:25"
"570","800","66.49029","39.9785617","2024-05-22 09:36:55","2024-05-22 09:34:49","2024-05-22 09:36:56"
"571","801","72.1022873","40.5011933","2024-05-22 15:33:43","2024-05-22 09:39:11","2024-05-22 15:33:45"
"572","802","69.2016351","41.2226636","2024-05-22 09:46:14","2024-05-22 09:42:00","2024-05-22 09:46:33"
"573","803","69.1480511","41.2627693","2024-05-23 07:37:25","2024-05-22 09:43:27","2024-05-23 07:37:26"
"574","804","69.2015934","41.222453","2024-05-22 09:48:44","2024-05-22 09:48:01","2024-05-22 09:49:03"
"575","805","68.779845","40.9701967","2024-05-23 17:58:01","2024-05-22 09:50:57","2024-05-23 17:58:04"
"576","806","64.586725","39.9513267","2024-05-22 13:11:31","2024-05-22 10:14:18","2024-05-22 13:11:33"
"577","807","66.8841098","39.1497031","2024-06-30 22:06:10","2024-05-22 10:25:32","2024-07-01 03:06:11"
"578","809","71.4515117","40.384759","2024-06-10 21:22:20","2024-05-22 11:16:07","2024-06-10 21:22:21"
"579","812","64.6766798","40.0857908","2024-06-03 15:51:49","2024-05-22 11:35:30","2024-06-03 15:51:50"
"580","813","68.3934913","40.55507","2024-05-23 06:12:41","2024-05-22 11:51:47","2024-05-23 06:12:42"
"581","814","71.5373569","40.8925106","2024-05-22 12:28:41","2024-05-22 11:55:38","2024-05-22 12:28:42"
"582","815","67.2752854","39.7715192","2024-05-24 05:08:12","2024-05-22 12:17:33","2024-05-24 05:08:12"
"583","817","70.9570512","40.5500797","2024-05-25 06:39:27","2024-05-22 12:21:21","2024-05-25 06:39:27"
"584","818","71.7658989","40.4819285","2024-05-22 12:45:43","2024-05-22 12:32:02","2024-05-22 12:45:43"
"585","819","71.8570836","41.0305593","2024-05-27 07:32:54","2024-05-22 12:33:09","2024-05-27 07:32:55"
"586","820","71.7804504","40.3923107","2024-06-12 14:59:06","2024-05-22 12:47:03","2024-06-12 14:59:52"
"587","822","69.1527886","41.2580185","2024-05-27 08:36:11","2024-05-22 13:03:21","2024-05-27 08:36:13"
"588","767","71.6916338","40.9997316","2024-07-07 16:47:48","2024-05-22 15:09:20","2024-07-07 21:47:49"
"589","823","72.4504","41.0249983","2024-05-22 16:05:19","2024-05-22 16:03:11","2024-05-22 16:05:19"
"590","824","66.8753983","39.6351117","2024-06-01 17:34:57","2024-05-22 16:31:06","2024-06-01 17:34:58"
"591","825","70.0908754","41.0142999","2024-05-22 16:36:39","2024-05-22 16:35:20","2024-05-22 16:36:40"
"592","829","66.8182461","39.0607584","2024-05-22 18:42:16","2024-05-22 18:38:11","2024-05-22 18:42:17"
"593","830","69.1340515","41.219355","2024-05-23 19:12:57","2024-05-22 18:44:48","2024-05-23 19:12:58"
"594","831","64.650128","40.101179","2024-06-02 20:27:16","2024-05-22 18:45:17","2024-06-02 20:27:17"
"595","832","69.1247473","41.1994558","2024-05-26 19:43:30","2024-05-22 18:46:26","2024-05-26 19:43:30"
"596","834","69.1862169","41.2479119","2024-05-23 17:34:26","2024-05-22 18:52:03","2024-05-23 17:34:27"
"597","835","72.1969964","40.6761734","2024-05-29 09:47:59","2024-05-22 19:12:27","2024-05-29 09:48:00"
"598","836","65.6003533","40.0933867","2024-05-22 19:29:47","2024-05-22 19:28:44","2024-05-22 19:29:48"
"599","837","71.7369556","40.6616165","2024-07-17 22:32:14","2024-05-22 20:08:01","2024-07-18 03:32:15"
"600","838","69.2769392","41.2859675","2024-05-22 20:58:13","2024-05-22 20:53:45","2024-05-22 20:58:16"
"601","842","66.2441067","39.2156117","2024-06-05 00:32:21","2024-05-22 21:49:42","2024-06-05 00:32:22"
"602","843","69.5638645","42.2885955","2024-06-15 15:10:59","2024-05-22 22:04:31","2024-06-15 15:11:00"
"603","844","29.9725776","55.8445698","2024-08-05 11:32:14","2024-05-22 22:18:59","2024-08-05 18:32:17"
"604","845","66.2418678","39.2009707","2024-07-31 14:50:40","2024-05-22 23:07:40","2024-07-31 19:50:42"
"605","846","64.8945103","40.061209","2024-06-08 08:02:52","2024-05-22 23:20:00","2024-06-08 08:02:53"
"606","847","69.0238797","40.5406711","2024-05-23 00:14:37","2024-05-23 00:12:02","2024-05-23 00:14:37"
"607","848","61.0978474","41.3153401","2024-05-23 02:47:29","2024-05-23 02:46:58","2024-05-23 02:47:30"
"608","849","69.7863683","40.9099228","2024-05-23 07:06:39","2024-05-23 06:49:50","2024-05-23 07:06:41"
"609","850","66.833869","39.0956972","2024-05-25 09:54:24","2024-05-23 09:33:56","2024-05-25 09:54:25"
"610","851","69.3132805","41.3311922","2024-05-31 18:39:12","2024-05-23 10:08:04","2024-05-31 18:39:12"
"611","853","70.6544382","40.3215615","2024-08-12 11:04:53","2024-05-23 17:43:47","2024-08-12 16:05:45"
"612","854","60.4108701","41.8195452","2024-06-03 19:11:51","2024-05-23 19:07:12","2024-06-03 19:11:52"
"613","826","69.1589417","41.2544267","2024-08-20 09:41:19","2024-05-23 19:28:20","2024-08-20 14:41:20"
"614","810","49.770405","40.3239717","2024-07-20 23:09:42","2024-05-24 17:13:05","2024-07-21 05:09:42"
"615","855","64.4333796","39.8559893","2024-06-18 11:16:33","2024-05-25 17:25:19","2024-06-18 11:16:33"
"616","856","64.7572634","40.0632923","2024-06-02 11:28:51","2024-05-25 20:29:04","2024-06-02 11:28:52"
"617","857","70.0461301","40.9804296","2024-08-07 14:38:09","2024-05-25 23:04:51","2024-08-07 19:38:10"
"618","858","69.409472","41.5215146","2024-06-04 07:10:04","2024-05-25 23:54:05","2024-06-04 07:10:05"
"619","859","68.8157016","40.2732337","2024-05-26 19:13:55","2024-05-26 00:55:40","2024-05-26 19:13:58"
"620","860","60.666646","41.5332854","2024-05-28 09:50:08","2024-05-26 09:05:05","2024-05-28 09:50:09"
"621","862","67.0413434","39.7082215","2024-05-27 13:13:33","2024-05-26 09:25:01","2024-05-27 13:13:33"
"622","863","67.782333","40.1374995","2024-09-21 23:57:55","2024-05-26 09:45:54","2024-09-22 04:57:56"
"623","864","60.37768","41.3835383","2024-05-26 09:59:02","2024-05-26 09:53:19","2024-05-26 09:59:02"
"624","734","69.2114641","41.2193018","2024-11-06 13:48:28","2024-05-26 10:33:42","2024-11-06 18:48:29"
"625","867","70.9925367","40.6507433","2024-05-26 11:10:32","2024-05-26 11:07:44","2024-05-26 11:10:34"
"626","868","64.2868486","39.8684549","2024-11-13 17:59:01","2024-05-26 11:10:26","2024-11-13 22:59:03"
"627","869","72.270784","40.6347383","2024-06-02 07:35:16","2024-05-26 11:33:23","2024-06-02 07:35:19"
"628","870","71.591533","40.9490994","2024-05-26 13:21:50","2024-05-26 13:20:36","2024-05-26 13:21:50"
"629","873","66.5295954","39.0098159","2024-05-26 21:10:34","2024-05-26 21:05:13","2024-05-26 21:10:36"
"630","874","77.0047796","43.3588068","2024-05-28 22:08:21","2024-05-27 02:13:05","2024-05-28 22:08:21"
"631","875","69.3026083","41.2636517","2024-05-28 13:33:37","2024-05-27 07:40:42","2024-05-28 13:33:38"
"632","878","65.6784952","38.9823992","2024-08-14 14:55:15","2024-05-27 13:31:20","2024-08-14 19:55:14"
"633","881","68.7402064","40.9456285","2024-05-28 11:21:08","2024-05-28 11:19:57","2024-05-28 11:21:09"
"634","882","71.5799054","40.9894542","2024-08-05 15:19:49","2024-05-28 11:32:06","2024-08-05 20:19:50"
"635","884","64.439154","39.7364277","2024-07-03 10:56:47","2024-05-28 12:42:24","2024-07-03 15:56:47"
"636","885","66.9343837","39.5914919","2024-05-28 12:47:43","2024-05-28 12:43:51","2024-05-28 12:47:45"
"637","886","42.4872933","54.1642517","2024-09-16 21:12:05","2024-05-28 13:33:59","2024-09-17 04:12:06"
"638","887","69.119305","41.26716","2024-05-28 14:18:22","2024-05-28 14:14:22","2024-05-28 14:18:22"
"639","889","66.9727633","39.5782417","2024-06-11 11:44:03","2024-05-28 15:11:07","2024-06-11 11:44:05"
"640","890","69.9378849","41.63427","2024-05-29 03:09:13","2024-05-28 17:28:26","2024-05-29 03:09:14"
"641","891","69.0588699","40.2306058","2024-05-31 22:23:47","2024-05-28 20:43:39","2024-05-31 22:23:50"
"642","893","71.5462186","41.1447943","2024-05-29 00:55:38","2024-05-29 00:54:36","2024-05-29 00:55:39"
"643","894","69.1840905","41.2497323","2024-05-30 10:43:08","2024-05-29 14:50:12","2024-05-30 10:43:08"
"644","895","71.8459483","40.36245","2024-06-01 10:39:02","2024-05-29 16:38:18","2024-06-01 10:39:03"
"645","898","69.2176494","41.2565373","2024-05-31 11:44:31","2024-05-30 17:17:04","2024-05-31 11:44:28"
"646","899","71.6745658","41.0299125","2024-05-30 20:00:58","2024-05-30 19:59:51","2024-05-30 20:01:01"
"647","900","68.7125817","40.6191733","2024-05-30 20:01:40","2024-05-30 20:00:16","2024-05-30 20:01:42"
"648","901","70.9517148","40.539082","2024-05-31 09:20:36","2024-05-30 20:02:52","2024-05-31 09:20:37"
"649","902","76.7352052","43.2262448","2024-06-04 12:07:58","2024-05-30 20:04:01","2024-06-04 12:08:02"
"650","903","39.0226703","45.0900397","2024-05-30 22:17:56","2024-05-30 20:06:16","2024-05-31 00:17:57"
"651","904","67.0402617","39.6231567","2024-05-30 20:08:58","2024-05-30 20:06:44","2024-05-30 20:08:59"
"652","905","37.4280827","55.0263872","2024-08-26 06:24:36","2024-05-30 20:17:52","2024-08-26 13:24:37"
"653","906","70.9078345","40.52025","2024-05-31 07:33:37","2024-05-30 20:22:36","2024-05-31 07:33:38"
"654","907","70.8868433","40.5884643","2024-05-31 04:12:28","2024-05-30 20:22:48","2024-05-31 04:34:58"
"655","909","70.7465442","40.9166974","2024-05-30 20:28:41","2024-05-30 20:25:27","2024-05-30 20:28:42"
"656","910","72.2239916","40.8774776","2024-05-30 22:17:31","2024-05-30 20:28:13","2024-05-30 22:17:33"
"657","911","68.8163384","40.4930552","2024-05-30 20:30:35","2024-05-30 20:28:18","2024-05-30 20:30:36"
"658","912","27.3995206","38.4675183","2024-06-27 21:12:36","2024-05-30 20:29:31","2024-06-28 04:12:37"
"659","915","66.9115947","39.6508699","2024-05-31 12:47:11","2024-05-30 20:40:37","2024-05-31 12:47:13"
"660","914","70.9006872","40.616206","2024-05-30 20:51:50","2024-05-30 20:49:51","2024-05-30 20:51:51"
"661","917","69.31504","41.2026783","2024-09-15 11:29:16","2024-05-30 20:55:06","2024-09-15 16:29:17"
"662","918","71.6448047","40.4858159","2024-07-08 13:36:27","2024-05-30 21:10:22","2024-07-08 18:36:30"
"663","916","71.5762186","40.2398762","2024-06-26 13:32:11","2024-05-30 21:16:02","2024-06-26 18:32:26"
"664","919","64.2505791","39.9534905","2024-05-30 23:02:40","2024-05-30 22:33:38","2024-05-30 23:01:24"
"665","922","69.1853895","41.3988549","2024-06-08 15:26:59","2024-05-31 10:05:54","2024-06-08 15:26:59"
"666","908","71.8306512","41.0277343","2024-05-31 10:25:43","2024-05-31 10:24:30","2024-05-31 10:25:44"
"667","923","70.9683425","40.4981007","2024-05-31 17:17:12","2024-05-31 13:10:09","2024-05-31 17:17:14"
"668","924","71.2170212","40.9662501","2024-06-24 08:06:53","2024-05-31 13:58:08","2024-06-24 13:06:56"
"669","926","67.2376528","39.4197109","2024-06-18 02:06:54","2024-06-01 08:03:04","2024-06-18 02:06:54"
"670","928","69.8240901","41.5774651","2024-07-16 22:44:42","2024-06-01 18:51:12","2024-07-17 03:42:50"
"671","913","66.8778173","39.1322274","2024-07-02 10:27:28","2024-06-01 19:34:56","2024-07-02 15:27:29"
"672","931","67.0706151","37.7033419","2024-06-02 00:18:53","2024-06-02 00:17:09","2024-06-02 00:18:54"
"673","933","71.8332988","40.3742161","2024-06-03 23:34:18","2024-06-02 19:39:59","2024-06-03 23:34:18"
"674","934","72.33941","41.0213967","2024-06-11 23:19:28","2024-06-02 21:23:26","2024-06-11 23:19:28"
"675","935","69.3258399","41.2365933","2024-06-03 07:05:13","2024-06-03 07:03:50","2024-06-03 07:05:13"
"676","937","69.5211467","42.3189667","2024-06-21 16:12:11","2024-06-03 13:18:01","2024-06-21 21:12:12"
"677","940","66.5750321","38.3418636","2024-06-05 16:49:53","2024-06-04 13:24:12","2024-06-05 16:49:54"
"678","941","69.6313952","40.9094231","2024-06-04 14:25:22","2024-06-04 14:22:35","2024-06-04 14:25:24"
"679","942","69.0983174","41.1187965","2024-06-04 16:22:42","2024-06-04 16:22:13","2024-06-04 16:23:00"
"680","944","72.1181967","40.4750949","2024-08-11 15:58:36","2024-06-05 17:31:13","2024-08-11 20:58:37"
"681","945","72.0915848","40.5010341","2024-06-08 19:45:37","2024-06-05 17:53:38","2024-06-08 19:45:38"
"682","946","70.9357646","40.4934715","2024-06-12 16:16:05","2024-06-05 18:27:03","2024-06-12 16:16:26"
"683","948","69.3145472","41.2179977","2024-09-09 11:32:01","2024-06-05 20:41:21","2024-09-09 16:32:01"
"684","949","69.1431991","41.2243241","2024-06-06 10:09:55","2024-06-05 20:42:12","2024-06-06 10:09:57"
"685","953","71.6868987","41.2672389","2024-09-14 03:48:37","2024-06-06 09:41:26","2024-09-14 08:48:38"
"686","955","58.8360565","43.0268993","2024-06-29 02:49:19","2024-06-06 10:17:03","2024-06-29 07:49:22"
"687","956","71.017123","40.3202908","2024-06-07 17:56:56","2024-06-06 11:37:07","2024-06-07 17:57:07"
"688","957","69.13516","41.2200832","2024-06-08 21:17:43","2024-06-06 12:37:58","2024-06-08 21:17:44"
"689","958","67.9133171","40.1101702","2024-06-06 14:12:01","2024-06-06 13:46:40","2024-06-06 14:12:02"
"690","951","72.2988263","40.7492569","2024-06-10 17:44:24","2024-06-06 17:22:50","2024-06-10 17:44:26"
"691","963","68.488595","40.87797","2024-11-15 17:03:41","2024-06-07 19:57:03","2024-11-15 22:03:42"
"692","965","64.378055","39.778025","2024-06-08 08:26:43","2024-06-08 08:25:22","2024-06-08 08:26:44"
"693","967","66.9945968","39.6473383","2024-07-02 09:53:29","2024-06-10 12:41:19","2024-07-02 14:53:32"
"694","968","61.1442439","41.2999096","2024-09-03 09:42:48","2024-06-10 13:03:37","2024-09-03 14:42:50"
"695","969","69.1580173","41.2333186","2024-06-16 14:34:17","2024-06-10 14:36:11","2024-06-16 14:34:17"
"696","970","37.538695","55.2788533","2024-06-26 17:37:11","2024-06-10 15:33:53","2024-06-27 00:37:12"
"697","966","65.2981395","40.1468777","2024-06-11 18:11:56","2024-06-11 18:08:22","2024-06-11 18:11:58"
"698","973","44.637215","42.8606633","2024-09-09 19:47:51","2024-06-12 02:29:34","2024-09-10 02:47:52"
"699","974","71.9467613","40.3150459","2024-06-15 20:20:06","2024-06-12 11:18:58","2024-06-15 20:20:07"
"700","976","67.0127734","39.7020089","2024-11-05 09:24:34","2024-06-12 22:20:39","2024-11-05 14:24:35"
"701","977","69.3067239","41.2530925","2024-06-25 13:05:44","2024-06-13 09:52:56","2024-06-25 18:05:45"
"702","972","64.6806231","40.0780652","2024-08-14 01:20:07","2024-06-13 17:34:41","2024-08-14 06:20:08"
"703","979","70.7744133","40.4868967","2024-08-22 17:34:17","2024-06-15 07:46:44","2024-08-22 22:34:18"
"704","980","69.2414131","41.4018366","2024-06-16 20:16:59","2024-06-16 12:55:01","2024-06-16 20:16:59"
"705","981","69.2292528","41.2961174","2024-07-24 15:53:43","2024-06-16 13:38:49","2024-07-24 20:53:44"
"706","982","71.8354067","41.0309633","2024-10-03 16:11:58","2024-06-17 06:53:43","2024-10-03 21:11:59"
"707","983","71.7673963","40.5011425","2024-08-04 19:31:51","2024-06-17 12:07:18","2024-08-05 00:31:52"
"708","986","71.73926","40.6862367","2024-06-17 16:47:18","2024-06-17 16:46:05","2024-06-17 16:47:19"
"709","987","69.0970033","41.1938133","2024-06-30 12:40:48","2024-06-17 17:04:11","2024-06-30 17:40:49"
"710","988","67.0241415","39.5802281","2024-06-28 12:12:20","2024-06-17 17:52:58","2024-06-28 17:12:20"
"711","989","69.3155767","41.2346122","2024-07-25 22:03:10","2024-06-17 19:01:14","2024-07-26 03:03:12"
"712","991","71.82997","41.2819183","2024-11-04 18:35:28","2024-06-18 09:05:22","2024-11-04 23:35:28"
"713","995","67.0413013","39.6752585","2024-08-14 07:52:43","2024-06-22 18:44:14","2024-08-14 12:52:44"
"714","996","71.935595","40.6909732","2024-06-22 16:37:45","2024-06-22 21:37:25","2024-06-22 21:37:45"
"715","998","69.2308466","41.3869616","2024-09-04 07:19:27","2024-06-24 22:44:18","2024-09-04 12:19:28"
"716","999","69.335085","41.276135","2024-08-06 19:42:34","2024-06-25 00:45:00","2024-08-07 00:42:35"
"717","1001","71.7967099","41.3962336","2024-06-28 20:25:08","2024-06-26 19:23:27","2024-06-29 01:25:11"
"718","1002","69.3492378","41.2530993","2024-06-26 19:41:26","2024-06-26 21:18:47","2024-06-27 00:41:27"
"719","1005","68.9501885","40.2437761","2024-06-27 15:04:06","2024-06-27 19:45:50","2024-06-27 20:04:06"
"720","1006","46.1483103","51.4449595","2024-07-10 00:58:34","2024-06-29 05:40:14","2024-07-10 06:58:35"
"721","1007","71.6517486","41.0099079","2024-11-14 13:39:22","2024-06-30 18:49:34","2024-11-14 18:39:24"
"722","997","69.2065203","41.3814079","2024-07-24 09:39:56","2024-07-01 20:19:57","2024-07-24 14:39:58"
"723","1009","67.0703431","37.7013229","2024-07-06 14:26:47","2024-07-06 19:24:09","2024-07-06 19:26:48"
"724","1010","-122.084","37.4219983","2024-07-06 18:07:52","2024-07-06 20:22:35","2024-07-06 23:08:29"
"725","1011","67.0380814","39.5775505","2024-08-13 23:00:31","2024-07-07 04:11:57","2024-08-14 04:00:38"
"726","1012","60.3709942","41.3978129","2024-10-03 11:57:46","2024-07-07 20:42:11","2024-10-03 16:56:47"
"727","1013","71.8809036","40.6238717","2024-10-05 07:48:41","2024-07-09 04:39:39","2024-10-05 12:48:43"
"728","1014","69.1494669","41.2273105","2024-08-02 13:19:24","2024-07-09 14:32:54","2024-08-02 18:19:24"
"729","1016","64.3610794","39.9257927","2024-07-09 20:41:18","2024-07-09 22:34:22","2024-07-10 01:41:19"
"730","1017","43.382665","56.2357961","2024-07-11 09:32:49","2024-07-10 02:11:45","2024-07-11 16:32:49"
"731","638","68.9938835","40.2335195","2024-09-26 23:24:22","2024-07-15 14:01:17","2024-09-27 04:24:24"
"732","1022","66.4330424","38.473391","2024-07-18 10:12:58","2024-07-18 15:00:06","2024-07-18 15:13:00"
"733","1023","72.7562432","40.5742569","2024-07-18 19:47:53","2024-07-18 16:13:07","2024-07-19 00:47:55"
"734","1024","69.0999994","41.2810625","2024-08-11 18:07:30","2024-07-18 18:00:36","2024-08-11 23:07:32"
"735","1025","69.1627068","41.2351634","2024-10-22 08:04:31","2024-07-21 01:54:22","2024-10-22 13:04:32"
"736","1027","72.2446467","40.6470317","2024-07-21 01:27:08","2024-07-21 06:25:23","2024-07-21 06:27:09"
"737","1028","71.7870886","40.3864178","2024-09-16 11:21:53","2024-07-21 22:05:13","2024-09-16 16:21:57"
"738","1029","65.4767439","40.122963","2024-08-19 09:02:01","2024-07-22 18:13:22","2024-08-19 14:02:02"
"739","1031","68.7298781","40.9717053","2024-08-12 13:41:40","2024-07-24 21:21:41","2024-08-12 18:41:42"
"740","1033","67.8315583","40.1548517","2024-11-09 09:53:01","2024-07-25 23:31:40","2024-11-09 14:53:06"
"741","1035","70.9298717","40.55484","2024-10-02 12:15:13","2024-07-27 16:55:12","2024-10-02 17:16:37"
"742","1037","69.2195685","41.3506318","2024-09-09 17:02:20","2024-07-27 21:37:34","2024-09-09 22:16:05"
"743","1039","60.4476365","41.8054138","2024-11-05 13:15:48","2024-07-30 17:37:42","2024-11-05 18:15:48"
"744","1042","69.3112243","41.2299033","2024-08-08 17:31:27","2024-08-05 12:28:38","2024-08-08 22:31:29"
"745","1043","71.7431604","40.5153312","2024-08-08 03:15:51","2024-08-06 18:55:54","2024-08-08 08:15:52"
"746","1047","71.8283912","40.2758987","2024-08-10 00:35:04","2024-08-10 05:32:47","2024-08-10 05:35:05"
"747","1048","69.0801805","41.1810686","2024-08-10 09:47:03","2024-08-10 14:45:39","2024-08-10 14:47:03"
"748","1050","56.1468365","50.8559685","2024-09-14 09:37:52","2024-08-18 14:33:51","2024-09-14 14:37:53"
"749","1053","68.7777595","40.4757982","2024-09-08 17:14:57","2024-08-20 20:57:25","2024-09-08 22:14:58"
"750","1054","71.2228266","42.9850645","2024-10-11 22:30:44","2024-08-23 13:06:57","2024-10-12 03:30:46"
"751","1055","69.1860045","41.2513018","2024-08-25 14:04:40","2024-08-23 16:00:26","2024-08-25 19:04:42"
"752","61","69.2142281","41.2853286","2024-08-23 16:58:15","2024-08-23 21:58:05","2024-08-23 21:58:16"
"753","1062","69.3130467","41.1870867","2024-09-10 08:19:45","2024-09-09 22:30:01","2024-09-10 13:19:46"
"754","1066","71.7611275","40.4290292","2024-09-13 17:11:09","2024-09-13 22:06:06","2024-09-13 22:11:11"
"755","1067","71.7611017","40.4291732","2024-09-13 17:19:03","2024-09-13 22:15:21","2024-09-13 22:19:04"
"756","1070","71.7292121","40.1701279","2024-10-07 11:28:01","2024-09-14 19:59:59","2024-10-07 16:28:02"
"757","1072","69.1533792","41.3188744","2024-09-19 11:37:25","2024-09-17 03:51:06","2024-09-19 16:37:27"
"758","1075","64.8455817","40.0400333","2024-09-23 00:13:39","2024-09-18 21:50:35","2024-09-23 05:13:40"
"759","1076","71.7539806","40.4294958","2024-09-24 12:06:38","2024-09-24 17:06:07","2024-09-24 17:06:39"
"760","1077","71.7553646","40.4304115","2024-09-24 12:46:53","2024-09-24 17:14:29","2024-09-24 17:51:02"
"761","1078","72.4305191","40.7188942","2024-09-24 13:15:44","2024-09-24 17:48:09","2024-09-24 18:15:46"
"762","1079","72.3070731","40.9430356","2024-10-17 05:38:27","2024-09-24 18:22:51","2024-10-17 10:38:28"
"763","1081","71.8621696","40.3615363","2024-09-27 15:30:18","2024-09-27 20:28:44","2024-09-27 20:30:22"
"764","1084","67.8414059","40.1310461","2024-10-02 11:55:22","2024-10-01 06:37:36","2024-10-02 16:55:24"
"765","1088","71.8878967","40.338825","2024-10-03 02:37:14","2024-10-03 05:17:49","2024-10-03 07:37:15"
"766","1089","71.7292109","40.1700393","2024-10-07 11:31:12","2024-10-07 16:29:55","2024-10-07 16:31:13"
"767","1099","66.652374","39.0431654","2024-10-14 11:39:43","2024-10-14 15:12:07","2024-10-14 16:39:44"
"768","1116","72.0286323","40.2717121","2024-10-30 22:55:26","2024-10-31 03:44:28","2024-10-31 03:55:27"
"769","1120","69.5548085","41.3998288","2024-11-16 00:26:13","2024-11-16 05:23:16","2024-11-16 05:26:14"
"770","1121","71.7144909","40.4671499","2024-11-16 20:29:11","2024-11-17 00:54:24","2024-11-17 01:29:10"
"771","1124","72.0286914","40.2717454","2025-01-03 17:41:10","2025-01-03 14:32:14","2025-01-03 17:41:11"
"772","1126","72.0287624","40.2717664","2025-01-03 15:05:43","2025-01-03 15:01:49","2025-01-03 15:05:44"
"773","1130","71.7614046","40.4299357","2025-02-05 00:56:42","2025-01-04 20:48:28","2025-02-05 00:56:44"
"774","1131","72.336815","40.7889233","2025-01-28 14:53:26","2025-01-05 14:08:13","2025-01-28 14:53:27"
"775","1132","72.0286624","40.2717418","2025-01-06 17:09:15","2025-01-06 17:06:14","2025-01-06 17:09:16"
