,id,user_id,fullname,phone,status,role_id,password,image,created_at,updated_at
0,1,1,Abdulla,216151555,1,2,798978989,nfwfseiofhe,,
1,2,4,Hamidulla,456897936,1,2,684351683,jkgkugkhdgdglu,,
2,3,8,Muzaffar,56656468,0,2,668416685,ugutifuukgygui5j,,
3,4,18,Ali,256685685,1,2,561381531,hykgytcjybnuui,,
4,5,24,Qobiljon,568843168,0,2,6468358848,uyfgtukdfkyf,,
5,6,29,Sarvar,668168851,0,2,658431654,fwmeihfdsig,,
6,7,42,Davron,683181515,1,2,651684851,dsnjsgnhg,,
7,8,54,Qodir,318184314,1,2,65469845,ekrhguherkgnk,,
8,9,55,Botir,645884684,1,2,6564864315,klgrogoreiesalk,,
9,10,57,Raxim,688984635,1,2,6566655116,jhfueroigw,,
10,11,59,Sanjar,987626845,0,2,5164357351,jisfjoosglsgnli,,
11,12,60,Ravshan,653164682,0,2,5616468615d,gssonngniajgosighareig,,
12,13,62,Tolib,518155135,1,2,54165164835,dhatrjtrhdfg,,
13,14,64,Toyir,648616514,1,2,6566596568,frhfsftgdzzgdfgd,,
14,15,66,Alisher,123456789,1,2,56484956565,sHRTSJYSDHTSRESs,,
15,16,67,Jahongir,919291917,1,2,56468458668,hbhrbghiajgjdj,,
16,17,68,Shamshod,991231727,0,2,3694135135,ekehfharguakiul,,
17,18,69,Akbar,648646511,1,2,68483135468,sjtyjgrdfgragth,,
18,19,70,Ilhom,885134664,0,2,6498865168451,egsrtdjxdrgtsjhrdr,,
19,20,71,Elmurod,777191991,0,2,68435351665,ugtyddtygyvv,,
20,21,72,Furqat,566168384,0,2,56484665,hydjxdnjfh,,
21,22,73,yodgor,218355451,1,2,6684161894,sfjsgrhdagraga,,
22,23,74,Hurshid,331707663,1,2,6846816516,tyydjhsthtsggragh,,
23,24,75,Umid,5468415616,0,2,86666565,yrgrfkdjhgfgfdd,,
24,25,78,Doston,56486865,0,2,8465616148,ygssttsjysgdf,,
25,26,79,Komil,989848744,0,2,647984484,yhygtjkjhgyujyh,,
26,27,80,Omadillo,944419496,1,2,491689848,tmrnyutyhgrggs,,
27,28,81,Abduraxmon,931665153,1,2,98656568695,tmrhyjthwahywk,,
28,29,82,Sayfiddin,336542615,0,2,4948658665,tydjhshtsjhdgdzf,,
29,30,86,Pirimqul,919202020,1,2,689884516,ghuerguuidnf,,
30,31,87,Kamoldin,849814616,0,2,4986866,uyfgyoitftygyogu,,
31,32,88,Xondamir,333659080,0,2,8986516,teehrntrhgrggtse,,
32,33,89,Fazliddin,4484684113,1,2,884561365,reheryagrhjrsjhaerh,,
33,34,90,Odil,5668465165,1,2,9686584565,jhnsguilfddduilrhb,,
34,35,92,Lochin,864486686,1,2,1668563568,fjshgsrjkulkjhg,,
35,36,93,Said,468461322,0,2,654864616,dfgjhdrnjkdnauhguierhgrg,,
36,37,94,Farhod,954465656,1,2,561351646,jhtgudsfuiwdnfkdsuiw,,
37,38,95,Javlon,9468461654,0,2,5154686,rehgiuwejijfioehfio,,
38,39,97,Ulugbek,68468131,0,2,1684861531,ehhdtjhszgzdrgsd,,
39,40,98,Vasliddin,514684613,1,2,566468468654,uhtguiseijfiodiofl,,
40,41,96,Aziz,564313133,0,2,54351424,uhrkgkeskgiss,,
41,42,100,Ismoil,35346843535,0,2,564864353,ohdkjdtjrtharh,,
42,43,103,Mirshoir,779251641,1,2,4618481365,wsedvyjbykhufhjygk,,
43,44,104,Ayubxon,654681351,1,2,16683131,fthrhtsrjrregre,,
44,45,105,Dilshod,516868135,0,2,6846513535,rhtrsyzrhgrf,,
45,46,106,Rustam,646843358,1,2,681668135,rtjsgrdgrerg,,
46,47,107,Abdusalom,564625533,1,2,561351683,thsgdsrgrg,,
47,48,108,Solijon,616355135,0,2,865626565,thsrgaergregrefes,,
48,49,109,Iskandar,688135636,1,2,5684681635,dfgkyurdtfyguhytytfy,,
49,50,91,Abdukarim,351316435,0,2,985466553,tgyhjikjfuydyttdyuu,,
50,51,110,Tursunboy,681668131,0,2,166843132,ygtfdhyjukijhgffrgt,,
51,52,111,Ziloldin,613551615,0,2,6546843352,",fddfghjikikjhgfdfrhgfdsty",,
52,53,112,Suxrob,651616533,1,2,688416686565,jhygtrfetyoiuytrewe,,
53,54,113,oyatillo,651561335,1,2,561688468135,thetrhgreogkerkg,,
54,55,114,Zuxriddin,651635354,0,2,6843516335,ervbnhggrgnuytt,,
55,56,115,Ixtiyor,885522562,0,2,988165695,gyufjikeuthufijir,,
56,57,116,Jasur,951184244,1,2,938469584,huijeojighwfjeki,,
57,58,118,Turop,779926655,1,2,95555554,yuhfjikofugyfuhdij,,
58,59,119,Orzumurod,915485685,1,2,846654945,hguifokeiuhgjifko,,
59,60,120,Abduxoshim,942885655,0,2,545489154,ghjidkokiutgrf,,
60,61,77,Rozivoy,905642265,1,2,845484145,gyfhudikodfkigtuf,,
61,62,121,Erkin,932564812,0,2,544451548,gfbhdjskdfjhgfdj,,
62,63,123,Ismat,994654562,0,2,56525145,hbjdksfbdjkssd,,
63,64,130,Quvondiq,975151211,0,2,495625466,edrftgyhujikojhg,,
64,65,132,farohiddin,945616454,1,2,84646625,sedrftgyhujilkjhg,,
65,66,133,Hasanali,9165886454,0,2,856596266,sedrftgyhujikoijhuygt,,
66,67,134,Ulugbek,881611666,1,2,84899584,rfghjkjuhygtfrde,,
67,68,135,Salim,889653524,1,2,85548554,sdrftgyhujkjuhygt,,
68,69,136,Karim,771492454,1,2,59645956,dfyuikouhygtfrd,,
69,70,137,Isroil,976139643,0,2,846497646,setyuikuhygtfrd,,
70,71,138,Dilmurod,9926556556,1,2,9566495646,yhujikokuytrddt,,
71,72,141,Jumanazar,954864264,0,2,954995646,dyhujiiuytfrdrftgy,,
72,73,145,Unsinjon,904326454,0,2,54623262,drtyuiouytreddfgh,,
73,74,146,Samandar,914684654,0,2,564664446,rftouhytfrdftg,,
74,75,147,Asliddin,986654642,0,2,564944546,uhtdjyghtgkkdk,,
75,76,148,Dilyor,656466461,1,2,956498564,dtyukyftdyukjcfg,,
76,77,149,Hayrillo,914648564,1,2,846494962,dytfuhjydftjygfh,,
77,78,151,Vali,466855465,0,2,956985645,tfghtdhfguktjthh,,
78,79,152,Shermurod,886616464,1,2,8545466462,ftyghjityrfukhj,,
79,80,153,Samad,935457457,0,2,69545654,rrytyghjdeeukl,,
80,81,154,Yaxyo,506484512,1,2,96664646,rdytfguihhdyuk,,
81,82,155,Rizvon,772154615,1,2,56154425,tdygrryuuhihffukh,,
82,83,156,Alimardon,6946565332,1,2,6966464566,tfyuyufguiguyfgjhfghf,,
83,84,159,Mirfayoz,506466664,1,2,9565996566,ddfghftrsrdyjkuhhfyf,,
84,85,160,Feruz,305445544,1,2,65685455,hkguktdtyjgjkgkhffj,,
85,86,162,Oybek,935454512,1,2,543643543,gffdrsrgdgfhjhj,,
86,87,164,Fayzillo,944845545,0,2,649951455,ugtuttuhukhsfdudhsd,,
87,88,166,Dilshod,974851542,1,2,565651666,jgojeklaleflsek,,
88,89,167,Husan,335451544,0,2,66444455,jgtrdtjhjhhgdhjgjk,,
89,90,168,jomard,953384554,0,2,544454512,hhhdsjjkddjbhjgydrrf,,
90,91,169,Odiliy,777656566,1,2,595956446,ftygughtfdsrthghjhg,,
91,92,170,Nasibullo,5048884445,0,2,8495994546,fhrhgddfsdsd,,
92,93,171,Sarvarillo,8465655115,0,2,461665468,poooogdfsgrfzgzd,,
93,94,173,Zubayr,9954845454,1,2,84646846846,ijhgffghuytdctdss,,
94,95,174,Vasliddin,6846846465,1,2,884849558646,esfesgrdhthsfsfwa,,
95,96,176,Erik,955646648,0,2,655468468,hsdgsfsfsvvs,,
96,97,177,Sunnatillo,775184655,1,2,684866685,dgsfgsgsfsfsaa,,
97,98,178,Muhammadyusuf,556146155,0,2,549626,hygtftfyfhtrdrdthhf,,
98,99,179,Polat,998745612,0,2,6843515453,hgfygghdrdtghcghgh,,
99,100,181,Yodgor,911275401,1,2,68468468464,yhugnughdsunjsdksg,,
100,101,184,Abdulla,216151555,1,2,798978989,nfwfseiofhe,,
101,102,185,Hamidulla,456897936,1,2,684351683,jkgkugkhdgdglu,,
102,103,187,Muzaffar,56656468,0,2,668416685,ugutifuukgygui5j,,
103,104,188,Ali,256685685,1,2,561381531,hykgytcjybnuui,,
104,105,190,Qobiljon,568843168,0,2,6468358848,uyfgtukdfkyf,,
105,106,189,Sarvar,668168851,0,2,658431654,fwmeihfdsig,,
106,107,191,Davron,683181515,1,2,651684851,dsnjsgnhg,,
107,108,192,Qodir,318184314,1,2,65469845,ekrhguherkgnk,,
108,109,193,Botir,645884684,1,2,6564864315,klgrogoreiesalk,,
109,110,194,Raxim,688984635,1,2,6566655116,jhfueroigw,,
110,111,197,Sanjar,987626845,0,2,5164357351,jisfjoosglsgnli,,
111,112,198,Ravshan,653164682,0,2,5616468615d,gssonngniajgosighareig,,
112,113,199,Tolib,518155135,1,2,54165164835,dhatrjtrhdfg,,
113,114,201,Toyir,648616514,1,2,6566596568,frhfsftgdzzgdfgd,,
114,115,150,Alisher,123456789,1,2,56484956565,sHRTSJYSDHTSRESs,,
115,116,202,Jahongir,919291917,1,2,56468458668,hbhrbghiajgjdj,,
116,117,205,Shamshod,991231727,0,2,3694135135,ekehfharguakiul,,
117,118,206,Akbar,648646511,1,2,68483135468,sjtyjgrdfgragth,,
118,119,208,Ilhom,885134664,0,2,6498865168451,egsrtdjxdrgtsjhrdr,,
119,120,209,Elmurod,777191991,0,2,68435351665,ugtyddtygyvv,,
120,121,210,Furqat,566168384,0,2,56484665,hydjxdnjfh,,
121,122,213,yodgor,218355451,1,2,6684161894,sfjsgrhdagraga,,
122,123,214,Hurshid,331707663,1,2,6846816516,tyydjhsthtsggragh,,
123,124,215,Umid,5468415616,0,2,86666565,yrgrfkdjhgfgfdd,,
124,125,216,Doston,56486865,0,2,8465616148,ygssttsjysgdf,,
125,126,217,Komil,989848744,0,2,647984484,yhygtjkjhgyujyh,,
126,127,218,Omadillo,944419496,1,2,491689848,tmrnyutyhgrggs,,
127,128,220,Abduraxmon,931665153,1,2,98656568695,tmrhyjthwahywk,,
128,129,224,Sayfiddin,336542615,0,2,4948658665,tydjhshtsjhdgdzf,,
129,130,225,Pirimqul,919202020,1,2,689884516,ghuerguuidnf,,
130,131,228,Kamoldin,849814616,0,2,4986866,uyfgyoitftygyogu,,
131,132,222,Xondamir,333659080,0,2,8986516,teehrntrhgrggtse,,
132,133,200,Fazliddin,4484684113,1,2,884561365,reheryagrhjrsjhaerh,,
133,134,230,Odil,5668465165,1,2,9686584565,jhnsguilfddduilrhb,,
134,135,231,Lochin,864486686,1,2,1668563568,fjshgsrjkulkjhg,,
135,136,235,Said,468461322,0,2,654864616,dfgjhdrnjkdnauhguierhgrg,,
136,137,238,Farhod,954465656,1,2,561351646,jhtgudsfuiwdnfkdsuiw,,
137,138,241,Javlon,9468461654,0,2,5154686,rehgiuwejijfioehfio,,
138,139,242,Ulugbek,68468131,0,2,1684861531,ehhdtjhszgzdrgsd,,
139,140,243,Vasliddin,514684613,1,2,566468468654,uhtguiseijfiodiofl,,
140,141,245,Aziz,564313133,0,2,54351424,uhrkgkeskgiss,,
141,142,248,Ismoil,35346843535,0,2,564864353,ohdkjdtjrtharh,,
142,143,249,Mirshoir,779251641,1,2,4618481365,wsedvyjbykhufhjygk,,
143,144,250,Ayubxon,654681351,1,2,16683131,fthrhtsrjrregre,,
144,145,251,Dilshod,516868135,0,2,6846513535,rhtrsyzrhgrf,,
145,146,252,Rustam,646843358,1,2,681668135,rtjsgrdgrerg,,
146,147,253,Abdusalom,564625533,1,2,561351683,thsgdsrgrg,,
147,148,254,Solijon,616355135,0,2,865626565,thsrgaergregrefes,,
148,149,255,Iskandar,688135636,1,2,5684681635,dfgkyurdtfyguhytytfy,,
149,150,257,Abdukarim,351316435,0,2,985466553,tgyhjikjfuydyttdyuu,,
150,151,258,Tursunboy,681668131,0,2,166843132,ygtfdhyjukijhgffrgt,,
151,152,259,Ziloldin,613551615,0,2,6546843352,",fddfghjikikjhgfdfrhgfdsty",,
152,153,261,Suxrob,651616533,1,2,688416686565,jhygtrfetyoiuytrewe,,
153,154,262,oyatillo,651561335,1,2,561688468135,thetrhgreogkerkg,,
154,155,264,Zuxriddin,651635354,0,2,6843516335,ervbnhggrgnuytt,,
155,156,265,Ixtiyor,885522562,0,2,988165695,gyufjikeuthufijir,,
156,157,266,Jasur,951184244,1,2,938469584,huijeojighwfjeki,,
157,158,267,Turop,779926655,1,2,95555554,yuhfjikofugyfuhdij,,
158,159,270,Orzumurod,915485685,1,2,846654945,hguifokeiuhgjifko,,
159,160,272,Abduxoshim,942885655,0,2,545489154,ghjidkokiutgrf,,
160,161,273,Rozivoy,905642265,1,2,845484145,gyfhudikodfkigtuf,,
161,162,274,Erkin,932564812,0,2,544451548,gfbhdjskdfjhgfdj,,
162,163,276,Ismat,994654562,0,2,56525145,hbjdksfbdjkssd,,
163,164,277,Quvondiq,975151211,0,2,495625466,edrftgyhujikojhg,,
164,165,279,farohiddin,945616454,1,2,84646625,sedrftgyhujilkjhg,,
165,166,282,Hasanali,9165886454,0,2,856596266,sedrftgyhujikoijhuygt,,
166,167,283,Ulugbek,881611666,1,2,84899584,rfghjkjuhygtfrde,,
167,168,284,Salim,889653524,1,2,85548554,sdrftgyhujkjuhygt,,
168,169,286,Karim,771492454,1,2,59645956,dfyuikouhygtfrd,,
169,170,287,Isroil,976139643,0,2,846497646,setyuikuhygtfrd,,
170,171,290,Dilmurod,9926556556,1,2,9566495646,yhujikokuytrddt,,
171,172,293,Jumanazar,954864264,0,2,954995646,dyhujiiuytfrdrftgy,,
172,173,294,Unsinjon,904326454,0,2,54623262,drtyuiouytreddfgh,,
173,174,295,Samandar,914684654,0,2,564664446,rftouhytfrdftg,,
174,175,288,Asliddin,986654642,0,2,564944546,uhtdjyghtgkkdk,,
175,176,296,Dilyor,656466461,1,2,956498564,dtyukyftdyukjcfg,,
176,177,298,Hayrillo,914648564,1,2,846494962,dytfuhjydftjygfh,,
177,178,299,Vali,466855465,0,2,956985645,tfghtdhfguktjthh,,
178,179,302,Shermurod,886616464,1,2,8545466462,ftyghjityrfukhj,,
179,180,304,Samad,935457457,0,2,69545654,rrytyghjdeeukl,,
180,181,306,Yaxyo,506484512,1,2,96664646,rdytfguihhdyuk,,
181,182,308,Rizvon,772154615,1,2,56154425,tdygrryuuhihffukh,,
182,183,309,Alimardon,6946565332,1,2,6966464566,tfyuyufguiguyfgjhfghf,,
183,184,311,Mirfayoz,506466664,1,2,9565996566,ddfghftrsrdyjkuhhfyf,,
184,185,312,Feruz,305445544,1,2,65685455,hkguktdtyjgjkgkhffj,,
185,186,313,Oybek,935454512,1,2,543643543,gffdrsrgdgfhjhj,,
186,187,314,Fayzillo,944845545,0,2,649951455,ugtuttuhukhsfdudhsd,,
187,188,315,Dilshod,974851542,1,2,565651666,jgojeklaleflsek,,
188,189,317,Husan,335451544,0,2,66444455,jgtrdtjhjhhgdhjgjk,,
189,190,318,jomard,953384554,0,2,544454512,hhhdsjjkddjbhjgydrrf,,
190,191,260,Odiliy,777656566,1,2,595956446,ftygughtfdsrthghjhg,,
191,192,239,Nasibullo,5048884445,0,2,8495994546,fhrhgddfsdsd,,
192,193,322,Sarvarillo,8465655115,0,2,461665468,poooogdfsgrfzgzd,,
193,194,323,Zubayr,9954845454,1,2,84646846846,ijhgffghuytdctdss,,
194,195,324,Vasliddin,6846846465,1,2,884849558646,esfesgrdhthsfsfwa,,
195,196,325,Erik,955646648,0,2,655468468,hsdgsfsfsvvs,,
196,197,328,Sunnatillo,775184655,1,2,684866685,dgsfgsgsfsfsaa,,
197,198,280,Muhammadyusuf,556146155,0,2,549626,hygtftfyfhtrdrdthhf,,
198,199,330,Polat,998745612,0,2,6843515453,hgfygghdrdtghcghgh,,
199,200,332,Yodgor,911275401,1,2,68468468464,yhugnughdsunjsdksg,,
200,201,335,Abdulla,216151555,1,2,798978989,nfwfseiofhe,,
201,202,337,Hamidulla,456897936,1,2,684351683,jkgkugkhdgdglu,,
202,203,339,Muzaffar,56656468,0,2,668416685,ugutifuukgygui5j,,
203,204,340,Ali,256685685,1,2,561381531,hykgytcjybnuui,,
204,205,341,Qobiljon,568843168,0,2,6468358848,uyfgtukdfkyf,,
205,206,334,Sarvar,668168851,0,2,658431654,fwmeihfdsig,,
206,207,343,Davron,683181515,1,2,651684851,dsnjsgnhg,,
207,208,345,Qodir,318184314,1,2,65469845,ekrhguherkgnk,,
208,209,300,Botir,645884684,1,2,6564864315,klgrogoreiesalk,,
209,210,347,Raxim,688984635,1,2,6566655116,jhfueroigw,,
210,211,348,Sanjar,987626845,0,2,5164357351,jisfjoosglsgnli,,
211,212,352,Ravshan,653164682,0,2,5616468615d,gssonngniajgosighareig,,
212,213,354,Tolib,518155135,1,2,54165164835,dhatrjtrhdfg,,
213,214,355,Toyir,648616514,1,2,6566596568,frhfsftgdzzgdfgd,,
214,215,356,Alisher,123456789,1,2,56484956565,sHRTSJYSDHTSRESs,,
215,216,357,Jahongir,919291917,1,2,56468458668,hbhrbghiajgjdj,,
216,217,359,Shamshod,991231727,0,2,3694135135,ekehfharguakiul,,
217,218,360,Akbar,648646511,1,2,68483135468,sjtyjgrdfgragth,,
218,219,361,Ilhom,885134664,0,2,6498865168451,egsrtdjxdrgtsjhrdr,,
219,220,358,Elmurod,777191991,0,2,68435351665,ugtyddtygyvv,,
220,221,362,Furqat,566168384,0,2,56484665,hydjxdnjfh,,
221,222,363,yodgor,218355451,1,2,6684161894,sfjsgrhdagraga,,
222,223,364,Hurshid,331707663,1,2,6846816516,tyydjhsthtsggragh,,
223,224,365,Umid,5468415616,0,2,86666565,yrgrfkdjhgfgfdd,,
224,225,366,Doston,56486865,0,2,8465616148,ygssttsjysgdf,,
225,226,367,Komil,989848744,0,2,647984484,yhygtjkjhgyujyh,,
226,227,368,Omadillo,944419496,1,2,491689848,tmrnyutyhgrggs,,
227,228,369,Abduraxmon,931665153,1,2,98656568695,tmrhyjthwahywk,,
228,229,370,Sayfiddin,336542615,0,2,4948658665,tydjhshtsjhdgdzf,,
229,230,371,Pirimqul,919202020,1,2,689884516,ghuerguuidnf,,
230,231,372,Kamoldin,849814616,0,2,4986866,uyfgyoitftygyogu,,
231,232,375,Xondamir,333659080,0,2,8986516,teehrntrhgrggtse,,
232,233,376,Fazliddin,4484684113,1,2,884561365,reheryagrhjrsjhaerh,,
233,234,377,Odil,5668465165,1,2,9686584565,jhnsguilfddduilrhb,,
234,235,378,Lochin,864486686,1,2,1668563568,fjshgsrjkulkjhg,,
235,236,379,Said,468461322,0,2,654864616,dfgjhdrnjkdnauhguierhgrg,,
236,237,380,Farhod,954465656,1,2,561351646,jhtgudsfuiwdnfkdsuiw,,
237,238,381,Javlon,9468461654,0,2,5154686,rehgiuwejijfioehfio,,
238,239,382,Ulugbek,68468131,0,2,1684861531,ehhdtjhszgzdrgsd,,
239,240,383,Vasliddin,514684613,1,2,566468468654,uhtguiseijfiodiofl,,
240,241,384,Aziz,564313133,0,2,54351424,uhrkgkeskgiss,,
241,242,386,Ismoil,35346843535,0,2,564864353,ohdkjdtjrtharh,,
242,243,387,Mirshoir,779251641,1,2,4618481365,wsedvyjbykhufhjygk,,
243,244,388,Ayubxon,654681351,1,2,16683131,fthrhtsrjrregre,,
244,245,389,Dilshod,516868135,0,2,6846513535,rhtrsyzrhgrf,,
245,246,390,Rustam,646843358,1,2,681668135,rtjsgrdgrerg,,
246,247,391,Abdusalom,564625533,1,2,561351683,thsgdsrgrg,,
247,248,392,Solijon,616355135,0,2,865626565,thsrgaergregrefes,,
248,249,393,Iskandar,688135636,1,2,5684681635,dfgkyurdtfyguhytytfy,,
249,250,394,Abdukarim,351316435,0,2,985466553,tgyhjikjfuydyttdyuu,,
250,251,396,Tursunboy,681668131,0,2,166843132,ygtfdhyjukijhgffrgt,,
251,252,398,Ziloldin,613551615,0,2,6546843352,",fddfghjikikjhgfdfrhgfdsty",,
252,253,399,Suxrob,651616533,1,2,688416686565,jhygtrfetyoiuytrewe,,
253,254,401,oyatillo,651561335,1,2,561688468135,thetrhgreogkerkg,,
254,255,404,Zuxriddin,651635354,0,2,6843516335,ervbnhggrgnuytt,,
255,256,405,Ixtiyor,885522562,0,2,988165695,gyufjikeuthufijir,,
256,257,406,Jasur,951184244,1,2,938469584,huijeojighwfjeki,,
257,258,407,Turop,779926655,1,2,95555554,yuhfjikofugyfuhdij,,
258,259,408,Orzumurod,915485685,1,2,846654945,hguifokeiuhgjifko,,
259,260,410,Abduxoshim,942885655,0,2,545489154,ghjidkokiutgrf,,
260,261,412,Rozivoy,905642265,1,2,845484145,gyfhudikodfkigtuf,,
261,262,413,Erkin,932564812,0,2,544451548,gfbhdjskdfjhgfdj,,
262,263,414,Ismat,994654562,0,2,56525145,hbjdksfbdjkssd,,
263,264,416,Quvondiq,975151211,0,2,495625466,edrftgyhujikojhg,,
264,265,417,farohiddin,945616454,1,2,84646625,sedrftgyhujilkjhg,,
265,266,415,Hasanali,9165886454,0,2,856596266,sedrftgyhujikoijhuygt,,
266,267,418,Ulugbek,881611666,1,2,84899584,rfghjkjuhygtfrde,,
267,268,419,Salim,889653524,1,2,85548554,sdrftgyhujkjuhygt,,
268,269,420,Karim,771492454,1,2,59645956,dfyuikouhygtfrd,,
269,270,421,Isroil,976139643,0,2,846497646,setyuikuhygtfrd,,
270,271,422,Dilmurod,9926556556,1,2,9566495646,yhujikokuytrddt,,
271,272,423,Jumanazar,954864264,0,2,954995646,dyhujiiuytfrdrftgy,,
272,273,424,Unsinjon,904326454,0,2,54623262,drtyuiouytreddfgh,,
273,274,425,Samandar,914684654,0,2,564664446,rftouhytfrdftg,,
274,275,426,Asliddin,986654642,0,2,564944546,uhtdjyghtgkkdk,,
275,276,427,Dilyor,656466461,1,2,956498564,dtyukyftdyukjcfg,,
276,277,428,Hayrillo,914648564,1,2,846494962,dytfuhjydftjygfh,,
277,278,429,Vali,466855465,0,2,956985645,tfghtdhfguktjthh,,
278,279,430,Shermurod,886616464,1,2,8545466462,ftyghjityrfukhj,,
279,280,432,Samad,935457457,0,2,69545654,rrytyghjdeeukl,,
280,281,433,Yaxyo,506484512,1,2,96664646,rdytfguihhdyuk,,
281,282,434,Rizvon,772154615,1,2,56154425,tdygrryuuhihffukh,,
282,283,436,Alimardon,6946565332,1,2,6966464566,tfyuyufguiguyfgjhfghf,,
283,284,431,Mirfayoz,506466664,1,2,9565996566,ddfghftrsrdyjkuhhfyf,,
284,285,437,Feruz,305445544,1,2,65685455,hkguktdtyjgjkgkhffj,,
285,286,438,Oybek,935454512,1,2,543643543,gffdrsrgdgfhjhj,,
286,287,439,Fayzillo,944845545,0,2,649951455,ugtuttuhukhsfdudhsd,,
287,288,440,Dilshod,974851542,1,2,565651666,jgojeklaleflsek,,
288,289,441,Husan,335451544,0,2,66444455,jgtrdtjhjhhgdhjgjk,,
289,290,442,jomard,953384554,0,2,544454512,hhhdsjjkddjbhjgydrrf,,
290,291,444,Odiliy,777656566,1,2,595956446,ftygughtfdsrthghjhg,,
291,292,445,Nasibullo,5048884445,0,2,8495994546,fhrhgddfsdsd,,
292,293,446,Sarvarillo,8465655115,0,2,461665468,poooogdfsgrfzgzd,,
293,294,447,Zubayr,9954845454,1,2,84646846846,ijhgffghuytdctdss,,
294,295,448,Vasliddin,6846846465,1,2,884849558646,esfesgrdhthsfsfwa,,
295,296,449,Erik,955646648,0,2,655468468,hsdgsfsfsvvs,,
296,297,451,Sunnatillo,775184655,1,2,684866685,dgsfgsgsfsfsaa,,
297,298,452,Muhammadyusuf,556146155,0,2,549626,hygtftfyfhtrdrdthhf,,
298,299,454,Polat,998745612,0,2,6843515453,hgfygghdrdtghcghgh,,
299,300,455,Yodgor,911275401,1,2,68468468464,yhugnughdsunjsdksg,,
300,1,456,gulshan,29811357,0,2,20641697,135817,03/04/2025,03/04/2025
301,2,457,guli,268716874,1,2,698ew,qfs786qe,03/04/2025,03/04/2025
302,3,459,ezoza,167854,0,2,2674687,5643654,03/04/2025,03/04/2025
303,4,435,salima,31687,1,2,367563,5674687,03/04/2025,03/04/2025
304,5,462,asal,637354,0,2,36783574,3574.3571,03/04/2025,03/04/2025
305,6,463,salima,3.6741,0,2,3753.14,3671497,03/04/2025,03/04/2025
306,7,466,diyora,354717,1,2,57168,635174857,03/04/2025,03/04/2025
307,8,469,dilyora,361267,0,2,313797,13767,03/04/2025,03/04/2025
308,9,464,dilshoda,2197814,0,2,1397,871,03/04/2025,03/04/2025
309,10,470,madina,1687,1,2,416767,17453,03/04/2025,03/04/2025
310,11,256,zunayra,1697,0,2,17675,157168,03/04/2025,03/04/2025
311,12,471,sevinch,219764,0,2,17574,146547,03/04/2025,03/04/2025
312,13,473,zebo,17854,1,2,1687,154687,03/04/2025,03/04/2025
313,14,474,shahlo,1647,0,2,51768,354164,03/04/2025,03/04/2025
314,15,475,samira,8671,0,2,6871,5471,03/04/2025,03/04/2025
315,16,476,muslima,617,0,2,6517,36174,03/04/2025,03/04/2025
316,17,478,munia,617618,0,2,517,9178687,03/04/2025,03/04/2025
317,18,479,muqaddas,6187681,1,2,7168,61365,03/04/2025,03/04/2025
318,19,480,dilorom,5174,0,2,638741,3671,03/04/2025,03/04/2025
319,20,481,ayubxon,6517,0,2,35173687,36185587,03/04/2025,03/04/2025
320,21,482,ali,67581867,0,2,6571,341,03/04/2025,03/04/2025
321,23,484,sarkor,35410,0,2,6497,546817,03/04/2025,03/04/2025
322,24,486,zulfizar,6459744,0,2,1954,6741887,03/04/2025,03/04/2025
323,25,487,zahro,19467222,0,2,198gfnfgjn,eh5g4f5gn4,03/04/2025,03/04/2025
324,26,491,zuhra,194675216,0,2,fdsh4fg67,4dsfgthg,03/04/2025,03/04/2025
325,27,493,zilola,681769415,0,2,kjfksd54,617sdffgasd,03/04/2025,03/04/2025
326,28,494,ruhsora,531697,1,2,jsdfh,587dfhsn,03/04/2025,03/04/2025
327,29,495,robiya,61971675,0,2,slkhf,klcdjbv2574,03/04/2025,03/04/2025
328,30,496,qunduzoy,514687,0,2,lkjhlsvkjfhg,614687vchth,03/04/2025,03/04/2025
329,31,497,dildora,65173678,1,2,jxshfluk,xckfuhygiuy5413,03/04/2025,03/04/2025
330,32,499,shohista,313675,1,2,hvg jh,fd4Rolexch5817,03/04/2025,03/04/2025
331,33,500,gozal,16687,1,2,hjsgf,54gfh,03/04/2025,03/04/2025
332,34,503,intizor,514357,1,2,jhgvd,564fdg,03/04/2025,03/04/2025
333,35,505,kamola,918687,0,2,lwkihd,slkdn,03/04/2025,03/04/2025
334,36,506,risolat,69120805343687,0,2,jhkbfv,645cvnb,03/04/2025,03/04/2025
335,37,508,bahora,19687,0,2,kjshgc,534sdf,03/04/2025,03/04/2025
336,38,509,dildora,31043687,0,2,klujhgc,254sdf,03/04/2025,03/04/2025
337,39,510,feruza,5143687,0,2,kjluhgc,534df,03/04/2025,03/04/2025
338,40,511,robiya,3618675,0,2,kjhugDS,564SDFG,03/04/2025,03/04/2025
339,41,513,RUHSORA,654354,0,2,kjxhgv,534sf,03/04/2025,03/04/2025
340,42,514,qurbonoy,68173687,0,2,kjsahd,65sdflj,03/04/2025,03/04/2025
341,43,515,farida,6514687,0,2,hgvbkljf,klfdn524f,03/04/2025,03/04/2025
342,44,516,zuhraxon,5173675,0,2,jkhgvfg,45647cgvefg,03/04/2025,03/04/2025
343,46,517,tursunoy,614557457,0,2,uiyoiyireeurwy,654kjghkljhfl,03/04/2025,03/04/2025
344,47,519,olima,6168944,0,2,hkjswgdkuyie,jkdhfiulkgf,03/04/2025,03/04/2025
345,48,523,ozoda,36178687,0,2,lknhc.kl65,65fgfdg,03/04/2025,03/04/2025
346,49,524,gulhayo,351725,0,2,"kjbhk,jg",65fgedfg,03/04/2025,03/04/2025
347,50,525,mubina,691877,1,2,jshdgfkujg,65fghfgh,03/04/2025,03/04/2025
348,51,528,nozila,157454,0,2,hkjgvcjh,65410657jfvb,03/04/2025,03/04/2025
349,52,530,mohida,51736678,0,2,jhm ytfg,1687687697dkjuhfkuhgdf,03/04/2025,03/04/2025
350,53,529,asila,1976455,0,2,hjsfgyjdfyf,fjhglkjhsdf,03/04/2025,03/04/2025
351,54,531,gulha,619863876874,0,2,kujgzxklujag,mdjhvbk,03/04/2025,03/04/2025
352,55,532,roziya,193678,0,2,sdgfkjhowih,54fhkljvboi,03/04/2025,03/04/2025
353,56,535,turgunoy,1968787,0,2,uysdgfy,3654cvs,03/04/2025,03/04/2025
354,57,537,gulhayo,1673687867,0,2,168763976987,kcujhv kldyhfv,03/04/2025,03/04/2025
355,58,538,umida,197836978,0,2,hukjgysdukfit,erfyhujioklpl,03/04/2025,03/04/2025
356,59,540,salima,1764444,0,2,ukgdjfg,hgckjyfgkdhy,03/04/2025,03/04/2025
357,60,541,yulduzoy,19455555,0,2,yusdgkjhuygs,klfjh5454sfd,03/04/2025,03/04/2025
358,61,542,rohila,1999955544466,0,2,lkijhdlishd,534fgh,03/04/2025,03/04/2025
359,62,544,fotima,619887454,0,2,kajsdglukg,6841ckhjclkh,03/04/2025,03/04/2025
360,63,545,sugdiyona,645912345,0,2,zhgxfvcdkjmhgfv,54fghfkjb,03/04/2025,03/04/2025
361,64,547,bonu,91111587187,0,2,uwifdkg654dfg,564fkjn.lkjbnh,03/04/2025,03/04/2025
362,65,548,saida,19786475534,0,2,hjvzxhjasfx,hsdvasjkhmfd564364,03/04/2025,03/04/2025
363,66,549,dilnoza,10697687,0,2,akjgdkug,"54fvnb,kjg",03/04/2025,03/04/2025
364,67,550,gulruhsor,15436754,0,2,luiohdiughy,16574368754,03/04/2025,03/04/2025
365,68,551,zulayho,31543675,0,2,ksugduklg,"hjbvgc,kjuh54",03/04/2025,03/04/2025
366,69,546,tamila,613674,0,2,kjgdklujaghsd,354vfknhjlkjhc,03/04/2025,03/04/2025
367,70,552,zinnura,1543574,1,2,dlas14asugf,wae44dxrgnm,03/04/2025,03/04/2025
368,71,554,musainna,14357,0,2,",kjhsagbc",61536754asd,03/04/2025,03/04/2025
369,72,555,malak,29375423687,1,2,;olifghd,6517dfgfg,03/04/2025,03/04/2025
370,73,556,maryam,3174367,0,2,hgsdkjfg,645lknfbnhhv,03/04/2025,03/04/2025
371,74,557,mursalina,163737,1,2,dhdjtygdhgf,65fdgkjh,03/04/2025,03/04/2025
372,75,558,tohira,17367536574,0,2,udljagbsoai;,65dsf,03/04/2025,03/04/2025
373,76,560,pokiza,316436754,0,2,smhjdvckjhsgf,63,03/04/2025,03/04/2025
374,77,559,tamara,1876871,0,2,uskdgkjg,53d4fgdfnbg,03/04/2025,03/04/2025
375,78,561,xkhjgckjhg,16754365754,0,2,jhfliukyhpax,54fg45hfg,03/04/2025,03/04/2025
376,79,562,yayraxon,264645254,0,2,jkgdfjhkgjkhg,3254nhvgc,03/04/2025,03/04/2025
377,80,564,ruhshona,58175457,0,2,fgkuysdgf,"354fgj,bhkjh",03/04/2025,03/04/2025
378,81,565,farida,68754,0,2,"5465jhb,jkhf",695dkjhfkkj,03/04/2025,03/04/2025
379,82,566,zulayho,56463574111,0,2,sukldifklhyg,54dfkjhgbkjg,03/04/2025,03/04/2025
380,83,568,zarnigor,3514367413657,0,2,jkhdgfkjugukjhg,654kjhgvkjhgcvjdfhg,03/04/2025,03/04/2025
381,84,569,ozoda,987411341,0,2,dlugf,wae44dxrgnm,03/04/2025,03/04/2025
382,85,571,oygul,354354,0,2,kjhfkjg,545343577,03/04/2025,03/04/2025
383,86,572,qurbonoy,14675444,0,2,jyfkuytvkj,354fglbkihjkld,03/04/2025,03/04/2025
384,87,574,hosiyat,5431787,0,2,aklsgdlkjg,654dlshflkjhg,03/04/2025,03/04/2025
385,88,575,komila,153741354,0,2,kdsjbclkjbs,54dhgjkgc,03/04/2025,03/04/2025
386,89,576,gavhar,543174654,0,2,iohdkl;hd,654kjdhgf,03/04/2025,03/04/2025
387,90,577,farangiz,541271354,1,2,"klhs.,dlkjh",54lkhdslkhc,03/04/2025,03/04/2025
388,91,578,hulkaroy,631436573657,0,2,djkhgfs,56fkujhgd,03/04/2025,03/04/2025
389,92,579,saodat,61543574,1,2,kjhgdkjg,54sdjkbgf,03/04/2025,03/04/2025
390,93,580,lola,31357431574,1,2,kajhdlkh,54jkhgdcd,03/04/2025,03/04/2025
391,94,582,jamila,654133867,1,2,kjldhglkujsgh,54khgsdf,03/04/2025,03/04/2025
392,95,583,asilaxon,53413574,0,2,kuewgdkjgs,564sdjkh,03/04/2025,03/04/2025
393,96,584,bahora,617437357,1,2,klhsdlkjh,534jkhc,03/04/2025,03/04/2025
394,97,585,qurbonoy,68431743687,0,2,kjsghlkjxhg,547askjgh,03/04/2025,03/04/2025
395,98,586,laziza,1543743687,0,2,kjhsgdckjg,"54kjbs,kjhg",03/04/2025,03/04/2025
396,99,588,zahro,6654236436574,0,2,ukgfulkgdxc,345fdgjkh,03/04/2025,03/04/2025
397,100,589,oqila,645354254,1,2,shjgdkjhfg,564kjdfhjkg,03/04/2025,03/04/2025
398,101,590,damira,35454,1,2,jhdgfkjhglkug,"2jkhk,jhhgv",03/04/2025,03/04/2025
399,102,587,rohatoy,264716874,0,2,hfkjhfgsxgh,56454hgvfhgf,03/04/2025,03/04/2025
400,103,595,nozila,3543574,1,2,kdujhgklgccx,54jhs,03/04/2025,03/04/2025
401,104,592,indira,547654354,1,2,hgkjhxg,4554xjhbkjg,03/04/2025,03/04/2025
402,105,597,luiza,35643451,0,2,hjfjhfdfgh,54jhghv,03/04/2025,03/04/2025
403,106,598,sadiya,35431,0,2,lkjhskdjhsd,3654lkjhg,03/04/2025,03/04/2025
404,107,600,salima,35671357,0,2,dhjsgvkhjg,547ksujhg,03/04/2025,03/04/2025
405,108,601,aida,242574,1,2,kjagsdkjg,654kjgbgcd,03/04/2025,03/04/2025
406,109,603,marziya,54157574,1,2,topsbckjhc,365354cvkjbkjgf,03/04/2025,03/04/2025
407,110,606,erkinoy,3333333346,0,2,jhghjghgs,64354hjkgasdhj,03/04/2025,03/04/2025
408,111,607,nozima,3541675654,0,2,euihfliouyhf,35434sdjfhkjh,03/04/2025,03/04/2025
409,112,608,oisha,365413,1,2,qkugdkugsd,654kjdh,03/04/2025,03/04/2025
410,113,610,fazilat,3541312557,0,2,hhsalihlkjh,354jsadbnfckjhb,03/04/2025,03/04/2025
411,114,611,latofat,66525526872,0,2,jksdhfkjh,"354kjhnb,kshdf",03/04/2025,03/04/2025
412,115,612,malika,6514354,1,2,25464,654jfdhbvkjh,03/04/2025,03/04/2025
413,116,613,nilufar,6547143587,0,2,kjhdfkjh,54354ngcvmngv,03/04/2025,03/04/2025
414,117,616,asliya,5413467454,1,2,"aksjh,.kjgh",54kjshdf,03/04/2025,03/04/2025
415,118,619,umida,36536565,0,2,likhdlioyh,354kjhghfg,03/04/2025,03/04/2025
416,119,620,kamila,645154,0,2,ugslkuhuh,saugkljg,03/04/2025,03/04/2025
417,120,622,zarina,25454567,0,2,o;pdujf;liohj,34sdkuhg,03/04/2025,03/04/2025
418,121,623,shahlo,4157687,0,2,sulighdlkjh,654kljhsd,03/04/2025,03/04/2025
419,123,624,barchinoy,666666444,0,2,klujhsdlkjhg,54kdnhfldh,03/04/2025,03/04/2025
420,124,626,yayra,65454354,0,2,ssssssssssssssssf,5745274lkhjkhkjh,03/04/2025,03/04/2025
421,125,627,qurbonoy,64354354,1,2,sakhdkjha,524kuhlkdh,03/04/2025,03/04/2025
422,126,630,saidakbar,524537,0,2,ksljudhgfkjh,654354kjhaslkjh,03/04/2025,03/04/2025
423,127,631,omadillo,54357454,0,2,kjhdlkjihsdkljh,6543564klsihkdjh,03/04/2025,03/04/2025
424,128,633,muhlisa,254365757,1,2,l;kjlkj;lkjjjjjjjjjjjjjj,1437536874jhyfgjyhrfr,03/04/2025,03/04/2025
425,129,634,humora,6451245487,1,2,jhgfdjfsfgs,564564jhgsdjhg,03/04/2025,03/04/2025
426,130,635,risolat,54654654,0,2,kdjhgusgjkldgfkjg,58hafdgg,03/04/2025,03/04/2025
427,131,636,samira,54635454,1,2,dsikulfyh,3467yuhsgdkjh,03/04/2025,03/04/2025
428,132,637,tamila,36453654,0,2,jhkyurkuyfr,54hygkjh,03/04/2025,03/04/2025
429,133,369,naima,6451374587,0,2,dfiuhglkh,klsdhf5564,03/04/2025,03/04/2025
430,134,640,yorqinoy,234316874,1,2,klchlokiuyhg,6ggjhfbj,03/04/2025,03/04/2025
431,135,641,oldinoy,36541637,0,2,asikhdklhc,54ksjhdf,03/04/2025,03/04/2025
432,136,642,hilola,453564,1,2,akjhgsad,cxzcfdsf,03/04/2025,03/04/2025
433,137,644,mahfuza,2543647,1,2,mdjghkfjg,54687egfd,03/04/2025,03/04/2025
434,138,645,muhtasar,251431574684,0,2,dskljhflkjhgsaajkgkjg,"dk,fjgljkdgf64",03/04/2025,03/04/2025
435,139,646,mufazzal,6515654,1,2,gflkhfgdkjhf,lkdsjf4Parol: akjhgsad,03/04/2025,03/04/2025
436,140,647,marziya,564616987,0,2,sdkljfhgkjg,54564kjdhsfkjhg,03/04/2025,03/04/2025
437,141,648,muharram,63187684564,0,2,lkushgdlkjgshfljkg,654kjhgjkh,03/04/2025,03/04/2025
438,142,649,muattar,354561,0,2,skdjhkfgjshgdf,564kfjbhg,03/04/2025,03/04/2025
439,143,650,toira,1654654545,0,2,kjdhgfkgkjfff,65654fikhjdlkhf,03/04/2025,03/04/2025
440,144,652,mastona,35413687,0,2,kjhfgkhdjsfg,354lkdhf,03/04/2025,03/04/2025
441,145,651,hilola,564252241,1,2,kjdsfgkjhgfd,564kdlfhkj,03/04/2025,03/04/2025
442,146,653,noila,6841645,0,2,alsihfliyhu,5647fglkbhjkjbgdhg,03/04/2025,03/04/2025
443,147,656,rohatoy,16436753454,0,2,ksjfglkjgkjdfg,354fkjbkjfd,03/04/2025,03/04/2025
444,148,657,hayot,136574654,0,2,asuhgjklhg,546875dkhjgs,03/04/2025,03/04/2025
445,149,660,jasmina,61467,0,2,kjsdgf,"16384kj,bkgjkh",03/04/2025,03/04/2025
446,150,661,salima,1673687,0,2,kjsghldk gkgf,6945l;kjns;djkf,03/04/2025,03/04/2025
447,151,662,lobar,3187687,0,2,kjhdsgfkubg,663,03/04/2025,03/04/2025
448,152,663,salomat,6148434,0,2,gfkjsc,594sdfjbsjd,03/05/2025,03/05/2025
449,153,664,muhiba,68714986454,1,2,dugkjxjjhjh,455sajvbx,03/05/2025,03/05/2025
450,154,666,mahzuna,841235,0,2,asdfghjkl,8542rfds,03/05/2025,03/05/2025
451,155,667,mushtariy,7896512321654,1,2,asdfrtgujikol,98455gjfnbnk,03/05/2025,03/05/2025
452,156,668,halima,48562145256,0,2,sdfghjklkjhbgvbnmmn,84265ghjk,03/05/2025,03/05/2025
453,157,669,salima,789955963,0,2,tyfghjk,8546ksma,03/05/2025,03/05/2025
454,158,670,karima,951236549875554,0,2,"sdfghjklcvbnm,",855444fjfhgfgdddd,03/05/2025,03/05/2025
455,159,671,naima,78996321456,0,2,dfghjkl;,8542136jhgfdfrrtt,03/05/2025,03/05/2025
456,160,672,nazira,89944562222,0,2,tzma,951laiq,03/05/2025,03/05/2025
457,161,673,soliha,951236547,0,2,rtyuiop[,8561kanbcvx,03/05/2025,03/05/2025
458,162,675,ruqiya,789631455123,0,2,sdfghjkl,8541fghn,03/05/2025,03/05/2025
459,163,678,farangiz,951233654555,0,2,qwertyuiokjhgfdsscvb,96721fghhbbvv,03/05/2025,03/05/2025
460,164,680,elyora,9517536214,0,2,hakshdkjb,65kjcgb,03/05/2025,03/05/2025
461,165,681,rayyona,94310257,0,2,dfghjkmnbvcx,95ghjhb,03/05/2025,03/05/2025
462,166,682,hikmatoy,9703154555,0,2,fdghjklkjhqs oijhgv,9851ghjkjhgfd,03/05/2025,03/05/2025
463,167,683,shokira,951235744,0,2,fghjklkjh,azd4da4sd,03/05/2025,03/05/2025
464,168,684,hulkaroy,95133214,0,2,fyguhijlkhvb,9512asddsaS,03/05/2025,03/05/2025
465,169,685,LUIZA,84456556,0,2,yguhjkljjb,85jdb55svb,03/05/2025,03/05/2025
466,170,687,gulruhsor,321654,1,2,yh95ds,955ssdasd,03/05/2025,03/05/2025
467,171,688,oyguloy,58234617,1,2,jgkhjl;5dsa,8sd4e4dxrgnm,03/04/2025,03/04/2025
468,172,689,erkinoy,951354454,0,2,poiuyx855x,ksahkdj54s,03/05/2025,03/05/2025
469,173,690,zarina,953411111,1,2,lkjfds,65lkjhgf,03/05/2025,03/05/2025
470,174,691,gulirano,35611224455,0,2,kjhgdss,951111kjsadd,03/05/2025,03/05/2025
471,175,692,barno,63522762220011,1,2,hnsxjmefgb,rghnm542,03/05/2025,03/05/2025
472,176,693,masuma,685332266,1,2,kqjdbkjqbdjbs,54sdsd,03/05/2025,03/05/2025
473,177,694,rano,94454844,1,2,pjkbsakjsxbm,9454565knxc,03/05/2025,03/05/2025
474,178,696,nargiza,6666654444,1,2,jagskdjskjdh,855665jsbkj,03/05/2025,03/05/2025
475,179,697,husnida,365236523,0,2,jhagsdjasd,54jkdsh,03/05/2025,03/05/2025
476,180,698,odina,94544654,1,2,kjhsdkjhsd,65sjhg,03/05/2025,03/05/2025
477,181,700,munisa,654545455,0,2,jhsajhhasjkh,624jhnhs,03/05/2025,03/05/2025
478,182,701,malohat,81465465,1,2,jhhsdkfjjkddf,ljg5454874yrer,03/05/2025,03/05/2025
479,183,702,mohira,8446464,1,2,jhgzjchsjk9887767,898328uyhjhshbjb,03/05/2025,03/05/2025
480,184,704,guljahon,98466544789,0,2,jdbj46yrhf,855fdsfjhjdshf,03/05/2025,03/05/2025
481,185,705,sadiya,5411654654,1,2,jaggjbdsf,654sjdhsd,03/05/2025,03/05/2025
482,186,706,mavluda,456654444646,1,2,jhdgkajhsd,2688jjjhhd,03/05/2025,03/05/2025
483,187,707,hamida,28462546224654,1,2,kjhsd kfjhsdf,8873uihwjedn,03/05/2025,03/05/2025
484,188,708,omatoy,46546252264654,1,2,skhdckjshxcj,jkskjh837687,03/05/2025,03/05/2025
485,189,709,shukrona,6524654,0,2,sknlvksjdlkf,lkdsfk837745,03/05/2025,03/05/2025
486,190,710,zulhumor,654262626464654,0,2,kdjhkjsdg k fjb,65ldjddn38,03/05/2025,03/05/2025
487,191,712,oyhon,6846425624,0,2,vcmhbxjhcb,hvjhc826475,03/05/2025,03/05/2025
488,192,713,sharofatoy,2426542654654,0,2,jjahkjshkj84873247dkjdkj,jskdjfj65111,03/05/2025,03/05/2025
489,193,714,jasmina,2882426565,0,2,jshfkjhskdkjhkj,286226524kjhkjs,03/05/2025,03/05/2025
490,194,715,adiba,92842654,0,2,jkhsdkjhs90277476,22665555dsfhjgdsjhg,03/05/2025,03/05/2025
491,195,716,adolat,26654254854,0,2,khjkdsgfhjdsgfhjdsg,952683626748uhffdjhbc,03/05/2025,03/05/2025
492,196,717,aziza,555632652,0,2,hdkjhfjsdfjhdfhj,855sdkhfjhs,03/05/2025,03/05/2025
493,197,718,azima,98779555,1,2,usagdkjshkjc,jhkjd7330nn,03/05/2025,03/05/2025
494,198,719,azaliya,951233364477,1,2,jxbkjhsj92883875647,2555555fnfjdsndkjss,03/05/2025,03/05/2025
495,199,720,asmo,962568576857,0,2,jhasgdjhasgbjhnb,ugshb852hjdsag,03/05/2025,03/05/2025
496,200,721,imaan,5237894528952,0,2,usdkghhjkb98326268788,895632uhjbnbdfghoiijhgh,03/05/2025,03/05/2025
497,201,722,aynura,78945623875623,0,2,jhsgcbjhsnb833745yjd,8412iuhbnl,03/05/2025,03/05/2025
498,202,723,aynisa,4132874512,0,2,yfvhbsazxojknbm456789,523refdckjhgf,03/05/2025,03/05/2025
499,203,725,aysel,23145879,0,2, nbhgftyrqwdasc,895632wds,03/05/2025,03/05/2025
500,204,726,afifa,9685968527,0,2,dtfyguhijkkjyhtgrfes,89532vcdsxaz,03/05/2025,03/05/2025
501,205,727,bibisora,485269561,0,2,gvhjbnjhtgrfd,umjyhgvfcd84512vfcd,03/05/2025,03/05/2025
502,206,728,botira,845214521,0,2,tfghjkhtgrfdcs8745,g876543,03/05/2025,03/05/2025
503,207,729,bokira,951354,0,2,ghjbnmfvcdxs,85dcxs,03/05/2025,03/05/2025
504,208,730,bashorat,21578978879,1,2,dfcvghbjnmnhbvfc84512,876543hgfd,03/05/2025,03/05/2025
505,209,731,dilnoza,963214852361,1,2,fghjkjmhngvfdc,jhgfv8952,03/05/2025,03/05/2025
506,210,732,dilrabo,654125412,0,2,hjkhhksjdh,iujk43,03/05/2025,03/05/2025
507,211,733,dilfuza,58527485,0,2,"dfbhnm,mjbgv",ytgfd85ythgf,03/05/2025,03/05/2025
508,212,735,dinora,5623255,1,2,cfvgbhnjkj76,875gfd,03/05/2025,03/05/2025
509,213,736,dono,8456225895,0,2,esdfghkjhgf,895nbgfvd,03/05/2025,03/05/2025
510,214,738,dilnavoz,7852565,0,2,dfghjjfhdsjhkksj,85hgfdhg,03/05/2025,03/05/2025
511,215,739,dilsora,7845132865,1,2,dfghjkjhgff,852fdddds,03/05/2025,03/05/2025
512,216,740,guldona,358741,0,2,vjhbknkjhgf,85hgfgghjk,03/05/2025,03/05/2025
513,217,741,farzona,951753,0,2,dftgyhujikoloiuyt,86523kjhgfd,03/05/2025,03/05/2025
514,218,742,farogat,8528952,0,2,dfghjklkjhgfghjk,fghjkjb852,03/05/2025,03/05/2025
515,219,743,fahriya,8525555,1,2,xfcvhjkkjhvb,sdfghjjkhg85,03/05/2025,03/05/2025
516,220,744,gulrux,85854545444,0,2,dfghjkfds,9856dskjhjc,03/05/2025,03/05/2025
517,221,745,gulsanam,85255632,0,2,ghjknxlkd,865dkjd,03/05/2025,03/05/2025
518,222,748,gulandon,7896536,0,2,tfghjnxhkujbnmx,hujk84,03/05/2025,03/05/2025
519,223,749,guldona,654455,0,2,dfghjkiuhkjd,8652dfj,03/05/2025,03/05/2025
520,224,750,gulzoda,852855478,0,2,kjdhkjhckv,lhjkj43,03/05/2025,03/05/2025
521,225,752,gulsafina,654777,0,2,8964528956,hjkdmkcxj54,03/05/2025,03/05/2025
522,226,753,gulbadan,85466621,0,2,hjjhasd34,lkjvkc487,03/05/2025,03/05/2025
523,227,754,guljamol,31656356,0,2,hjkl;kjhgf,dfghj34334,03/05/2025,03/05/2025
524,228,755,gulizar,795755,1,2,hjkkjhnjnnx,85uilkjj,03/05/2025,03/05/2025
525,229,756,gulnor,98528565,0,2,rftghj45,52gfds,03/05/2025,03/05/2025
526,230,758,gulshoda,89652386523,0,2,23456ufhdhn,hjm562d,03/05/2025,03/05/2025
527,231,759,habiba,86234,1,2,iuywsdt23resd,87654e4dxrgnm,03/04/2025,03/04/2025
528,232,760,humayro,2314845217845,1,2,sdfxghjb,iujhgf9876,03/05/2025,03/05/2025
529,233,762,husnora,32654978,0,2,dfg4567788,ikjhgf9876,03/05/2025,03/05/2025
530,234,763,hakima,364254,1,2,fghj65fd,52cbvj,03/05/2025,03/05/2025
531,235,764,hursanoy,325689,0,2,fghjujhgf9876,1mnjdswef8564,03/05/2025,03/05/2025
532,236,765,huzayfa,124587,0,2,vgsj4896jkanx,652ckjhughd,03/05/2025,03/05/2025
533,237,766,huvaydo,216512,0,2,rfghjkkjhgf,poijhg876,03/05/2025,03/05/2025
534,238,768,iroda,21644845,0,2,jojhkjjhgf,halkjhkjsjolk,03/05/2025,03/05/2025
535,239,770,imona,1325852,0,2,gjgjhghghgjkk,uyhg9876,03/05/2025,03/05/2025
536,240,771,iffatoy,654565,0,2,fgvhbjkl;76543,iuyhgvhbnjmk,03/05/2025,03/05/2025
537,241,773,jannatoy,87889,1,2,sedrftgyhuj,98765r,03/05/2025,03/05/2025
538,242,774,karomat,15595915,1,2,olikujyhtgf9876,jddmn5vv,03/05/2025,03/05/2025
539,243,775,lutfiya,126578,1,2,fhghjkhv6543,kjhg987,03/05/2025,03/05/2025
540,244,776,mashura,894532,0,2,dsaeffas2,oiuytrrfghj09876,03/04/2025,03/04/2025
541,245,777,mehribon,78521,1,2,fghjkkjhgfdfghj,87655trfcx,03/05/2025,03/05/2025
542,246,778,nodira,784525895623,1,2,dfg98765,klnclk98,03/05/2025,03/05/2025
543,247,779,nafisa,9512036,1,2,jhgf98,45678ui,03/05/2025,03/05/2025
544,248,780,oysuluv,461349,1,2,rdty4567,r6tfgyhutgyuhj,03/05/2025,03/05/2025
545,249,781,rashida,9426131,0,2,fghjkluhytygh,iouyt765rfvbn,03/05/2025,03/05/2025
546,250,784,ramziya,49160345,0,2,jbjbky8565erty,98743tygfhvbncm,03/05/2025,03/05/2025
547,251,785,sayyora,5926154856,0,2,3as4d5f6gyhu,647tyrgfhcnm,03/05/2025,03/05/2025
548,252,786,shabnam,9513578,0,2,tfgyh84uhjdf,7yuhj438uidjkd,03/05/2025,03/05/2025
549,253,787,shaxnoa,89465258956,1,2,rtfygyh435re9d8ui,drtfyguuhjfdscx,03/05/2025,03/05/2025
550,254,788,shukrona,784512236589,0,2,rtdyfgu87yh,98uyghjn,03/05/2025,03/05/2025
551,255,789,tahmina,951263200,0,2,rt67y8uijujn,rty78uijjhb,03/05/2025,03/05/2025
552,256,790,anzirat,8456232315,0,2,e45r6t7y8uhb,5r6t7y8u8y7t6r5,03/05/2025,03/05/2025
553,257,791,damina,6532231+546,0,2,drfyfuygtiu834,74yuihf8uij,03/05/2025,03/05/2025
554,258,792,fozilaxon,87456621111,0,2,edrt67890,0987y6tr,03/05/2025,03/05/2025
555,259,793,mahliyo,3164548926,1,2,fghjklkjhgf,o9876t5rftghj,03/05/2025,03/05/2025
556,260,794,muborak,98453256,0,2,dfghjkllkhg,iuytdrtyui98,03/05/2025,03/05/2025
557,261,795,nozanin,8765214578,1,2,ftuiooiuyt,98tredftyum,03/05/2025,03/05/2025
558,262,796,nurafshona,89452103,0,2,dftyuiiuyt,itrfvghj,03/05/2025,03/05/2025
559,263,797,nuralima,8945789865,1,2,uytredfghj,09876trfvbn,03/05/2025,03/05/2025
560,264,798,rohatoy,62485915,0,2,uytrdcvbj,9876t5rfvbn,03/05/2025,03/05/2025
561,265,800,robita,89655412,0,2,o9876tfvbnm,9876trfvbnm,03/05/2025,03/05/2025
562,266,801,rizvongul,78561597,1,2,sdft78uyhb,drt678ijn,03/05/2025,03/05/2025
563,267,802,surayyo,784521033,0,2,gfvbnjot,9876tfghn,03/05/2025,03/05/2025
564,268,803,shirin,89453265148,1,2,juytfdxcvb,876trdfgh,03/05/2025,03/05/2025
565,269,804,shabnam,89788978,0,2,loiuytfdcvbn,u7ytfghjm,03/05/2025,03/05/2025
566,270,805,shabbona,8945230316,0,2,uytrfghj,09876tghjn,03/05/2025,03/05/2025
567,271,806,sohibjamol,985652223,0,2,87654rtyhn,876543edfg,03/05/2025,03/05/2025
568,272,807,sohiba,78542130259,1,2,oi8765rfghn,8765rfgh,03/05/2025,03/05/2025
569,273,809,toliba,784512125487,0,2,oiuytrdxcvb,9876trdfgh,03/05/2025,03/05/2025
570,274,812,surayyobonu,895623104587,0,2,o9u876trfg,876trdfghj,03/05/2025,03/05/2025
571,275,813,xonzoda,89451230,0,2,i987trdfghj,9876trdfghj,03/05/2025,03/05/2025
572,276,814,zubayda,98485926194,0,2,oiuytf,8765redfgh,03/05/2025,03/05/2025
573,277,815,jumagul,874512895623,1,2,iu7trdcvbn,876trfghj,03/05/2025,03/05/2025
574,278,817,nafisa,8978561203,0,2,iutrfvgbnm,876rfgh,03/05/2025,03/05/2025
575,279,818,davrona,974613316497,1,2,oiuytgbnm,987tghn,03/05/2025,03/05/2025
576,280,819,mehriniso,8956213010,1,2,9876trfgh,876redfgh,03/05/2025,03/05/2025
577,281,820,qizlaroy,314679,1,2,iuytfvbn,876trdfvbn,03/05/2025,03/05/2025
578,282,822,ravshanoy,258852258,1,2,8765rfghhb,8trdfghjnb,03/05/2025,03/05/2025
579,283,767,bibifotima,35715842648,0,2,i876trfvbn,9876tghj,03/05/2025,03/05/2025
580,284,823,fotimaizahro,34167258,0,2,po9876trfghj,87trfgh,03/05/2025,03/05/2025
581,285,824,sarviniso,984562,1,2,oiuytrdcvbn,ouytrdfghjk,03/05/2025,03/05/2025
582,286,825,amina,14851285,1,2,oiuytfdcvbn,uytdcvbn,03/05/2025,03/05/2025
583,287,829,anbaroy,12458745225,1,2,iuytfdcvbn,iuytrdxcvb,03/05/2025,03/05/2025
584,288,830,bibisoliha,95412125854,0,2,iuytrdcvbn,oiuytrdfgh,03/05/2025,03/05/2025
585,289,831,bilqiz,5124554,0,2,uytresdfgh,iuytdxcvbj,03/05/2025,03/05/2025
586,290,832,gulroza,946326852,0,2,oiuytfvbn,87trdcghj,03/05/2025,03/05/2025
587,291,834,husniya,97461341,1,2,jhgfdxcv,uytdch,03/05/2025,03/05/2025
588,292,835,iffatoy,2852854,1,2,iuytfdcvbn,uytfcvbn,03/05/2025,03/05/2025
589,293,836,ismigul,741289562,1,2,iu76trfvbnm,ytrfvgb,03/05/2025,03/05/2025
590,294,837,shahina,794139845,1,2,iuytrfdcvbn,ytfdcvbn,03/05/2025,03/05/2025
591,295,838,shahriya,79463965,0,2,iuytfcvbnm,uytrdxcvbn,03/05/2025,03/05/2025
592,296,842,hayriniso,846532,1,2,kuytfdcvbnm,uytfdcvbnm,03/05/2025,03/05/2025
593,297,843,mohiniso,45285,1,2,uytrdcvbn,iutrfdcvbn,03/05/2025,03/05/2025
594,298,844,mohigul,89465245,1,2,iuytdsxcvbnm,i8trdcvb,03/05/2025,03/05/2025
595,299,845,hayriniso,856352,1,2,oiu7trdcvbnm,iuytrdxcvbnm,03/05/2025,03/05/2025
596,300,846,ismigul,963,1,2,uytrdsxcvbn,8u7reszxcvb,03/05/2025,03/05/2025
597,301,847,muborak,8562852,1,2,ouyfvbn,uytrdcvj,03/05/2025,03/05/2025
598,302,848,muazzam,74639856,1,2,iuytdxc vbn,uytdxcvb,03/05/2025,03/05/2025
599,303,849,zunayra,7419653,1,2,uytfcvbnm,7trdcvbn,03/05/2025,03/05/2025
600,304,850,mamura,784512852,1,2,uytfvbnm,765rfgbnrfd,03/05/2025,03/05/2025
601,305,851,sojida,87451295623,0,2,876tgbn,9876trfgbn,03/05/2025,03/05/2025
602,306,853,surayyo,845322845,0,2,76tghnm,876tfgbhnm,03/05/2025,03/05/2025
603,307,854,nozila,9463956,1,2,iuyfgcvbhj,iuytfgh,03/05/2025,03/05/2025
604,308,826,muharram,86528956,0,2,uyytrdfvgbhjk,876redsxcvb,03/05/2025,03/05/2025
605,309,810,oyjamol,8956239856,0,2,iuytgfvbnm,876trdfvghj,03/05/2025,03/05/2025
606,310,855,oysara,45129653,1,2,876trfghnm,9876tghnm,03/05/2025,03/05/2025
607,312,856,rahima,84521,1,2,87ytfcvgb,876trdfghj,03/05/2025,03/05/2025
608,313,857,xonzoda,8956238,1,2,y87t6rtdc vbnm,876tredcvbnm,03/05/2025,03/05/2025
609,314,858,davrona,984654562,0,2,oiuytfc vbm,765redxcvb,03/05/2025,03/05/2025
610,315,859,charos,89451235845,0,2,uytfvbnm,9876tfrvbnm,03/05/2025,03/05/2025
611,317,860,zubayra,89452895,0,2,987ytfgbn ,876t5rdfghj,03/05/2025,03/05/2025
612,318,862,gulruh,8528,1,2,876r5esxcvbn,8765rdcvbn,03/05/2025,03/05/2025
613,319,863,aqida,789653285,0,2,876tgbhn,876trfgb,03/05/2025,03/05/2025
614,320,864,asmira,8585,1,2,876ytfgbrfd,8765trfghn,03/05/2025,03/05/2025
615,321,734,bibisora,8946528956,1,2,9876t5rfghn,876t5rfgbn,03/05/2025,03/05/2025
616,322,867,oybarchin,84652865,0,2,iuytredxcvbn,uytfdcvbn,03/05/2025,03/05/2025
617,323,868,gilosxon,8946596352,1,2,876trdfcvgbh,9876tfgh,03/05/2025,03/05/2025
618,324,869,jahona,894659563,0,2,iu8y7tfrdcvbn,8765resdcfvbn,03/05/2025,03/05/2025
619,325,870,samirara,95689456,0,2,876t5rfgh,987t6rdfgbn,03/05/2025,03/05/2025
620,326,873,leyla,978451296532,0,2,uytrdcvbn,876trdfgvbn,03/05/2025,03/05/2025
621,327,874,muattar,8653284652,1,2,87t6fgbhn,efdswc ,03/05/2025,03/05/2025
622,328,875,noila,845286525,0,2,9876t5rxcvb,876trdcvbn,03/05/2025,03/05/2025
623,329,878,sanamjon,84652956,0,2,uytrdcvbn,876trdcfvghj,03/05/2025,03/05/2025
624,330,881,sohibjamol,846519956,0,2,8765rtdcfvbn,876trdfvgb,03/05/2025,03/05/2025
625,331,882,ogiloy,85698563956,0,2,o8u7trfcgvbnm,9876t5rsrdcvbn,03/05/2025,03/05/2025
626,332,884,bibimaryam,8452852,1,2,8765rsxdcvb,9876trdcvb,03/05/2025,03/05/2025
627,333,885,zulayho,84651265,1,2,987t6rdcvbn,98765rdcvb,03/05/2025,03/05/2025
628,334,886,orzigul,8465635,1,2,8765rezxcvbn,9876trdcvbnm,03/05/2025,03/05/2025
629,335,887,guliya,8956875485,1,2,9876trfgh,9876trfgh,03/05/2025,03/05/2025
630,336,889,guloyim,79463963852,1,2,9876trdcvbn,9876trdfgh,03/05/2025,03/05/2025
631,337,890,nora,894652895,1,2,o9876trfg,9876rdfb,03/05/2025,03/05/2025
632,338,891,anora,852366852,1,2,o9i8u7y6tredsxcvb,876tredcvbn,03/05/2025,03/05/2025
633,339,893,dono,84653,1,2,9876trdcvb,9876trfvbn,03/05/2025,03/05/2025
634,340,894,huzayfa,984659856,1,2,o987t5resxc vb,9876trdcvbn,03/05/2025,03/05/2025
635,341,895,hafizaoy,986535296352,1,2,o98u7trdcvbn,8u7y6t5reszxc vbnm,03/05/2025,03/05/2025
636,342,898,inobat,894653,0,2,oiu7trdcvbn,87654edcfvb,03/05/2025,03/05/2025
637,343,899,ismiyamina,89465296,0,2,i876t5rdcvbn,9876trdcvbn,03/05/2025,03/05/2025
638,344,900,armona,8956278459865,0,2,8765trxcvbn,9876tdcvbn,03/05/2025,03/05/2025
639,345,901,huzayfa,894651789456,1,2,876t5rsdcvbn,9876tdcvbnm,03/05/2025,03/05/2025
640,346,902,olima,894652,1,2,iuytrszxcvb,iuytfxcvbn,03/05/2025,03/05/2025
641,347,903,uvaysiy,8946532,0,2,i876trdcvb,76trdcvbn,03/05/2025,03/05/2025
642,348,904,maknuna,98643,0,2,u76t5resxcvb,8765rdcvbn,03/05/2025,03/05/2025
643,349,905,muhzuma,798465,1,2,oi876trsxcvbn,8u7ytcvbn,03/05/2025,03/05/2025
644,350,906,zilola,8456279845,0,2,iuytresxcvb,iuytrfxc v,03/05/2025,03/05/2025
645,352,907,kimyoxon,846538451,0,2,i87y6tfgbhnm,876trdsxcvb,03/05/2025,03/05/2025
646,353,909,kimsanoy,78964532135468,0,2,8u7ytrfvgbn,i8u7y65tredfvc,03/05/2025,03/05/2025
647,354,910,saidazunnun,951753621220000,0,2,iu7ytrfcvbn,iuytrfdcvbn,03/05/2025,03/05/2025
648,355,911,shabnam,96563321254,0,2,io8uyt5redscvbn,i876tredfg,03/05/2025,03/05/2025
649,356,912,karomatoy,8965111,0,2,i987trfdcfvgbhj,9i876t5reiuytgf,03/05/2025,03/05/2025
650,357,915,kamila,1223321654,0,2,8iuytgfdghj,mnbvcxiuygtf,03/05/2025,03/05/2025
651,358,914,rizvona,222121,1,2,iuytrdasdfghj,0987652345678,03/05/2025,03/05/2025
652,359,917,galandon,4587421365,0,2,oiu7tresdfghjklkjhgfd,wer5y7u8i9o9iuytredsdfghj,03/05/2025,03/05/2025
653,360,918,jasura,1245654,1,2,iuytresdfg,ertyuiojhgf,03/05/2025,03/05/2025
654,361,916,gulijanon,6568528585,0,2,oiytfdcvbn,oiuygfcvbnm,03/05/2025,03/05/2025
655,362,919,risolat,78953258461,0,2,iuytrdsdcfg,3456789,03/05/2025,03/05/2025
656,363,922,jasbina,87465561,0,2,38ygfbc nx,283ytgrfbnm,03/05/2025,03/05/2025
657,364,908,naima,5462130158,0,2,sdfghjk,0987uytrf,03/05/2025,03/05/2025
658,365,923,sora,154788887,0,2,kuytfdsxcvbn,tressdfghj,03/05/2025,03/05/2025
659,366,924,yasmin,956565,0,2,loiuytrdsf,987654ewertgh,03/05/2025,03/05/2025
660,367,926,hulkaroy,95284242,1,2,5tgb87ytfrd,9876trdecfvgh,03/05/2025,03/05/2025
661,368,928,mira,84525956,1,2,uytfdszxcvbnj,iuytrdsxdcfghj,03/05/2025,03/05/2025
662,369,913,sardora,1593572581,0,2,poiuytfdxcvbRole k,oiuhgfvbnasxczz52,03/05/2025,03/05/2025
663,370,931,sarkora,159357185296,0,2,8utrfghjk,87tresxcvb,03/05/2025,03/05/2025
664,371,933,saddiy,15942031,0,2,oiutfsz,984555uytrdesxcvbn,03/05/2025,03/05/2025
665,372,934,sabina,5164164,0,2,iuytfdszxchj,uytdzxcvghj,03/05/2025,03/05/2025
666,373,935,Diyora,85674,0,2,iuyt23resd,87654e4dxrgnm,03/04/2025,03/04/2025
667,374,937,kinoya,542103,0,2,uytfdcvbnm,iuytrfghj,03/05/2025,03/05/2025
668,376,940,Rano,45872264,1,2,adfsg54,fsdfadsg54,03/05/2025,03/05/2025
669,377,941,mardona,326598147,0,2,iuygbnm,98uytfvgbnm,03/05/2025,03/05/2025
670,378,942,zulfizar,258147357,1,2,iuytfdcvbn,i8765redfgh,03/05/2025,03/05/2025
671,379,944,gulandon,854610231,0,2,dfghjk,65refdvc ,03/05/2025,03/05/2025
672,380,945,farina,25614003798,0,2,354terfd,y5t45red,03/05/2025,03/05/2025
673,381,946,tulanoy,1217456,0,2,hgh74rtgh,9uytref,03/05/2025,03/05/2025
674,382,948,ulugoy,9964875482,0,2,45678ijhcdsw34,876tf987hn,03/05/2025,03/05/2025
675,383,949,samiya,96621114,0,2,iuytresd,87654ergnm,03/04/2025,03/04/2025
676,384,953,jamila,64917328,0,2,iuytredfgh,7654edfgbn,03/05/2025,03/05/2025
677,385,955,lobar,19648264,0,2,76543edfvbn,98u7ytredfvbn,03/05/2025,03/05/2025
678,386,956,yulduz,1593578462,0,2,765rfgdw2345ty,9876tgfccdsw345,03/05/2025,03/05/2025
679,387,957,farangiz,1298428429,0,2,iu7654edfvgbhjk,oi87654esdcvbn,03/05/2025,03/05/2025
680,388,958,sayyida,79461315951,0,2,iu8765redcvb,oi8uytrdcvbn,03/06/2025,03/06/2025
681,389,951,tohira,74613258,1,2,oi8u7y6trdcvbn,9876trfghjk,03/06/2025,03/06/2025
682,390,963,huryona,984123212,0,2,iuytfvbnm,uytfcvbnm,03/06/2025,03/06/2025
683,391,965,rohatoy,258963,1,2,oiuytrdexcvbn,87tredxcvbn,03/06/2025,03/06/2025
684,392,967,yasmina,357159258,1,2,oi8u7y6tredsxdcvgbh,98u7ytre,03/06/2025,03/06/2025
685,393,968,aida,156951,1,2,765redd,erftgyhui09876,03/06/2025,03/06/2025
686,394,969,erkinoy,987654321,1,2,345678jhgfds,ert56y78iuhg,03/06/2025,03/06/2025
687,395,970,komila,153575,1,2,98765reertyu8i,98765r4ewertyu,03/06/2025,03/06/2025
688,396,966,qurbonoy,0000852,1,2,8765rwertyu,8765reedfghj,03/06/2025,03/06/2025
689,397,973,gulsara,654125,1,2,98765r4edfghj,i8uytresxcvbn,03/06/2025,03/06/2025
690,398,974,sadiya,94152,1,2,oi98u7y6t5re,i8u76trfg,03/06/2025,03/06/2025
691,399,976,hulkaroy,156487512333,0,2,werty876t5rfghn,9876tghn,03/06/2025,03/06/2025
692,400,977,gulandon,15642301,0,2,8765rfgb,ertyujn,03/06/2025,03/06/2025
693,401,972,jamila,665544445,0,2,7y6t5r4ewertyu,87654ewedfg,03/06/2025,03/06/2025
694,402,979,halima,784512562,1,2,987yhj,987yhuujws,03/06/2025,03/06/2025
695,403,980,imona,12525205,0,2,8u7y6tfgvhbn,reydtghbn,03/06/2025,03/06/2025
696,404,981,tamara,98745123,1,2,oiuytrfvbnm,98765rfgbnm,03/06/2025,03/06/2025
697,405,982,salima,7946136,1,2,98765trghj,i7ueddh,03/06/2025,03/06/2025
698,406,983,karima,946152755,1,2,876t5rfgbn,876red,03/06/2025,03/06/2025
699,407,986,ruxshona,7946138520,0,2,876t5rftghj,ha,03/06/2025,03/06/2025
700,408,987,robiya,946165421,0,2,"9876trfvbnm,",9876trfgh,03/06/2025,03/06/2025
701,409,988,tursunoy,8520963741,0,2,987y6t5redfgbn,ytresdcvbn98765red,03/06/2025,03/06/2025
702,411,989,shaxina,748520852,0,2,9876trfgbn,uytrdcvbn,03/06/2025,03/06/2025
703,413,991,jasmina,852852,0,2,9876tghj,oiu76y54ef,03/06/2025,03/06/2025
704,414,995,musainna,895258,0,2,6544567fghtg,9876tg4rtg,03/04/2025,03/04/2025
705,415,996,sadaf,8520963,0,2,09876thjk,9876trfg,03/06/2025,03/06/2025
706,416,998,husniya,46138520,0,2,76543wedfg,0987654esdfghj,03/06/2025,03/06/2025
707,417,999,kimyohon,520741963,1,2,oi8u7654wertyui,i76trertghn,03/06/2025,03/06/2025
708,418,1001,umida,0258147,1,2,987654esdcvb,987654edcfb,03/06/2025,03/06/2025
709,419,1002,barchinoy,356421544,0,2,87654ewasxcvbn,i8u76tredcvbn,03/06/2025,03/06/2025
710,421,1005,risolat,852092,0,2,87654edfvbn,98765redfgh,03/06/2025,03/06/2025
711,422,1006,shukrona,0214561300,1,2,87654edfvb,8765redfbn,03/06/2025,03/06/2025
712,423,1007,visola,753954562,1,2,8765edfg,iuytrdfgh,03/06/2025,03/06/2025
713,425,997,gulnora,946138520,1,2,987654edfgbn,jhgfrewe4567,03/06/2025,03/06/2025
714,426,1009,nasiba,8526431,1,2,i8u7y6trdcvb,987ytrdcvbn,03/06/2025,03/06/2025
715,427,1010,sevara,753951420,0,2,oiuytresxcvb,876trdcvbn,03/06/2025,03/06/2025
716,428,1011,ruhsora,0213649,1,2,i876tredcvbn,87trdcvbn,03/06/2025,03/06/2025
717,429,1012,feruza,01397520,0,2,oiuytresxcv ,itredsxcv,03/06/2025,03/06/2025
718,430,1013,gulirano,01743015,1,2,iuytfdxcvbn,9876trfvbn,03/06/2025,03/06/2025
719,431,1014,roziya,0976431,1,2,uytfrcv ,8765redcvb,03/06/2025,03/06/2025
720,433,1016,charos,852413,0,2,iuytrdcv b,98765redcvbn,03/06/2025,03/06/2025
721,434,1017,durdona,15975362,1,2,oi876t5redcv,8765redcvb,03/06/2025,03/06/2025
722,435,638,tursunoy,954231,0,2,98765redcvb,98uytgbn,03/06/2025,03/06/2025
723,436,1022,farangiz,167943,1,2,i76trdcv b,9876trdcvbn,03/06/2025,03/06/2025
724,437,1023,noila,8524561,1,2,oiuytrfcv bn,iuytfvbn,03/06/2025,03/06/2025
725,438,1024,sarvinoz,469130,0,2,oiuytfrdcvbnm,oiuytrfcvb n,03/06/2025,03/06/2025
726,439,1025,xosila,412035,1,2,oi8u7trdcvbn,i65edc,03/06/2025,03/06/2025
727,440,1027,gavhar,19730,0,2,i87ytrdcvbn,876trdcvb,03/06/2025,03/06/2025
728,441,1028,fotima,03197642,1,2,oiuytrdcvbn,9876trdfvbnm,03/06/2025,03/06/2025
729,442,1029,tamila,016734622,0,2,8765edcfvbn,i876t5rdfvbn,03/06/2025,03/06/2025
730,443,1031,eldora,36320,1,2,trdcfvbn6tre,h0987ytfgbnm,03/06/2025,03/06/2025
731,444,1033,malohat,94201678,1,2,oiuytfcv b,uytfrdxc v,03/06/2025,03/06/2025
732,445,1035,mastura,5648987,0,2,iuytredcvbn,9876t5redfvbn,03/06/2025,03/06/2025
733,446,1037,mastona,564978,1,2,oi8u7654esdcvb,98765rdfvgbn,03/06/2025,03/06/2025
734,447,1039,mahbuba,03197546,0,2,oiu7trfdcfvbn,76trdfvbnm,03/06/2025,03/06/2025
735,448,1047,mahfuza,164972,0,2,98765redfvbn,oiuytfvbnm,03/06/2025,03/06/2025
736,449,1048,asliya,69135047,1,2,poi8u76t5rfvbn,9876trfvbn,03/06/2025,03/06/2025
737,450,1050,ulugoy,648213,1,2,iuytrfdvghj,oiuytgbn,03/06/2025,03/06/2025
738,451,1053,muhiba,642001333,1,2,98765redfvgbnm,0987tredfvbn,03/06/2025,03/06/2025
739,452,1054,farina,823164,0,2,iu8765redcvbn,98765rdcvbn,03/06/2025,03/06/2025
740,453,1055,ismigul,136794555,0,2,iuytfvbn,987trfcvbn,03/06/2025,03/06/2025
741,454,61,jumagul,4692154222,1,2,9876t5rdcvbn,9876trdfvbnm,03/06/2025,03/06/2025
742,455,1062,shabbona,7564826,0,2,oiu7trdcvbn,098765rdfvb,03/06/2025,03/06/2025
743,456,1066,diyora,46951554,1,2,8uytrdcfvbn,98765rfbn,03/06/2025,03/06/2025
744,457,1067,barno,79434155,1,2,oiuytfrdcvbnm,oiuytfrdc vbn,03/06/2025,03/06/2025
745,458,1070,saodat,64552222,0,2,iuytfvbnm,8765rfvbn,03/06/2025,03/06/2025
746,459,1072,nilufar,79845545,1,2,oi8u7y6trfvbn,9876trfvbn,03/06/2025,03/06/2025
747,460,1075,Diyora,87946525,0,2,8765resdcvbnm,u6resxcvbn,03/04/2025,03/04/2025
748,461,1076,hilola,76298452,0,2,i876trdcvbn,iuytrdcvbn,03/06/2025,03/06/2025
749,462,1077,kamola,98743244,1,2,oi876trdcvbnm,oi8765redcvbnm,03/06/2025,03/06/2025
750,463,1078,barchinoy,794638520,1,2,oiuytfcvbn,87654edfvbn,03/06/2025,03/06/2025
751,464,1079,nozanin,7562943,1,2,oi8u7ytfvbn,876rdcvbnm,03/06/2025,03/06/2025
752,465,1081,shokira,79468523,0,2,8765rfgbn,iu765rfb,03/06/2025,03/06/2025
753,466,1084,barchinoy,85264123547,1,2,i765redfgbn,8765rfg,03/06/2025,03/06/2025
754,467,1088,sharofat,95175,1,2,iuy6trfvbn,iuytrdcvbn,03/06/2025,03/06/2025
755,468,1089,hamida,97463852,1,2,iuytrdcvbnm,oiuytgbn,03/06/2025,03/06/2025
756,469,1099,muhiba,7452962,1,2,iuytredxcv54,8765dfb,03/06/2025,03/06/2025
757,470,1116,maryam,75646455,1,2,i76t5redfvbn,876trfvbn,03/06/2025,03/06/2025
758,471,1120,jannatoy,98452166,1,2,oiuytfdcvbnm,uytrdcvbn,03/06/2025,03/06/2025
759,472,1121,xusnida,753284,1,2,poiu7trecvbn,iu6t5rescv,03/06/2025,03/06/2025
760,473,1124,musainna,79461385,0,2,iuytrdcvb,iuytredcv,03/06/2025,03/06/2025
761,474,1126,zinnura,74185296,1,2,oi8765redf,34rtyuidfghjk,03/06/2025,03/06/2025
762,475,1130,sumaya,156497,0,2,oiuytresxcvb,iuytrescv,03/06/2025,03/06/2025
763,476,1131,nozila,741852963028,0,2,9876trfg,9876trfgh,03/06/2025,03/06/2025
764,477,1132,durdona,0136495,1,2,98765redfg,98765rfvbn,03/04/2025,03/04/2025
